cycle,leg,foot_x,foot_y,foot_z_solver,foot_z_snap,support_idx,naive_idx,nom_x,nom_y,solver_ok,init_snap
0,HR,-0.06558129846,-0.1634529956,0.1494835884,0.15,-1,-1,-0.1842250377,-0.1418958369,1,0
0,FR,0.3605504287,-0.139393102,0.1523133747,0.15,-1,-1,0.2409258379,-0.1415368398,1,0
0,HL,-0.123878078,0.1008591731,0.152415582,0.15,-1,-1,-0.07393026405,0.1423723367,1,0
0,FL,0.3153540978,0.1266153571,0.1495229646,0.15,-1,-1,0.4094,0.1411618704,1,0
1,HR,0.2320499034,-0.1432307664,0.1499979605,0.15,-1,-1,0.08253084221,-0.1420642715,1,0
1,FR,0.6188498677,-0.1432397745,0.1499499678,0.15,-1,-1,0.5291383924,-0.1424127906,1,0
1,HL,0.2320565202,0.1407692335,0.1499979564,0.15,-1,-1,0.2021246696,0.1410403758,1,0
1,FL,0.6188564853,0.140760221,0.1499499459,0.15,-1,-1,0.6488053512,0.1404792104,1,0
2,HR,0.4817705095,-0.1428855392,0.1494506963,0.15,-1,-1,0.3229899811,-0.1423607085,1,0
2,FR,0.8649606062,-0.1381266418,0.08674155073,0.1663611581,2,2,0.7721620771,-0.1427127324,1,0
2,HL,0.481236666,0.1411106732,0.1494799139,0.15,-1,-1,0.4480653503,0.1414542137,1,0
2,FL,0.8644231344,0.1379069349,0.08694029195,0.1663611581,2,2,0.8973883679,0.141447181,1,0
3,HR,0.6980556206,-0.1422078608,0.1338806455,0.15,-1,-1,0.5703555085,-0.1418613347,1,0
3,FR,1.049950449,-0.1098864728,0.09334175948,0.1663611581,2,2,1.016110005,-0.1421285708,1,0
3,HL,0.6987649,0.1410225097,0.1333811494,0.15,-1,-1,0.6875085701,0.1410753212,1,0
3,FL,1.049999162,0.1095321351,0.09343232426,0.1663611581,2,7,1.132316884,0.1402570221,1,0
4,HR,0.9488870129,-0.1353006017,0.09415628125,0.1663611581,2,2,0.8038031171,-0.1422758077,1,0
4,FR,1.335076137,-0.1353285381,0.09172091933,0.1636586204,7,7,1.248771502,-0.1424834341,1,0
4,HL,0.9489369282,0.1350359991,0.09453713201,0.1663611581,2,2,0.9197282726,0.1418118183,1,0
4,FL,1.335166885,0.1348302315,0.09215337893,0.1636586204,7,7,1.365867795,0.1412450095,1,0
5,HR,1.209053047,-0.1205867405,0.1050248389,0.1636586204,7,2,1.043280336,-0.1422471739,1,0
5,FR,1.596037894,-0.123932839,0.09708407921,0.1479352303,12,12,1.497057537,-0.1391318489,1,0
5,HL,1.21081448,0.1451593894,0.07364034969,0.1636586204,7,7,1.176443764,0.1512167845,1,0
5,FL,1.596354791,0.146525925,0.06931619139,0.1479352303,12,12,1.626742401,0.1558666017,1,0
6,HR,1.398625575,-0.1187319451,0.0796003731,0.1636586204,7,7,1.299035906,-0.1411492988,1,0
6,FR,1.774185757,-0.1181916427,0.06091992146,0.1479352303,12,12,1.740943136,-0.141499526,1,0
6,HL,1.402846456,0.1162385563,0.07746909296,0.1636586204,7,7,1.405390149,0.1401439614,1,0
6,FL,1.774537581,0.1138525031,0.06278516506,0.1479352303,12,17,1.842742401,0.137840364,1,0
7,HR,1.651531847,-0.1335016161,0.08777226309,0.1479352303,12,12,1.510311561,-0.1440742299,1,0
7,FR,2.038308379,-0.1372853638,0.0721440644,0.1282984037,17,17,1.954331666,-0.1453581709,1,0
7,HL,1.653506492,0.1273378432,0.09550633437,0.1479352303,12,12,1.623956062,0.1389860308,1,0
7,FL,2.039343107,0.1281907349,0.08134624768,0.1282984037,17,17,2.069543546,0.1368294894,1,0
8,HR,1.790511076,-0.0631498094,0.06356484158,0.1479352303,12,12,1.739567006,-0.136682117,1,0
8,FR,2.251007502,-0.1101987371,0.07027125012,0.1301927995,22,17,2.177829957,-0.1231688981,1,0
8,HL,1.906230768,0.2331319682,0.07450246908,0.1437768029,18,17,1.841684678,0.1787027195,1,0
8,FL,2.286018439,0.129856554,0.07623014787,0.1301927995,22,23,2.285543546,0.1923985863,1,0
9,HR,2.085454057,-0.1161475704,0.08776236177,0.1282984037,17,17,1.958942065,-0.1421456215,1,0
9,FR,2.462430047,-0.1150466821,0.08129070859,0.1301927995,22,22,2.404976372,-0.143380325,1,0
9,HL,2.087997153,0.1118100111,0.08972468185,0.1282984037,17,17,2.075969557,0.1384951576,1,0
9,FL,2.462952721,0.1104332763,0.08395104794,0.1301927995,22,22,2.520164749,0.1363286632,1,0
10,HR,2.342121776,-0.1208366265,0.09093171117,0.1301927995,22,22,2.192628249,-0.1417086679,1,0
10,FR,2.728706225,-0.1208670891,0.09958802283,0.1431267414,27,27,2.639514121,-0.1383937381,1,0
10,HL,2.343326198,0.1462908027,0.06276144435,0.1301927995,22,22,2.312651724,0.151822518,1,0
10,FL,2.729947586,0.1448000688,0.07128505376,0.1431267414,27,27,2.759478453,0.1557296099,1,0
11,HR,2.493171294,-0.043306851,0.06319604735,0.1301927995,22,22,2.426865131,-0.1374179717,1,0
11,FR,2.927503354,-0.1111458392,0.04435805042,0.1553990401,32,27,2.866801975,-0.1270509325,1,0
11,HL,2.609425481,0.2497914768,0.09707515232,0.1690258353,28,23,2.533061419,0.1830872162,1,0
11,FL,2.980559264,0.1392467982,0.06989143359,0.1553990401,32,33,2.976805357,0.2175764636,1,0
12,HR,2.784927175,-0.1159855402,0.1014784273,0.1431267414,27,27,2.64998074,-0.1422500832,1,0
12,FR,3.163287863,-0.1154289295,0.1007114284,0.1553990401,32,32,3.096074189,-0.1433158416,1,0
12,HL,2.786208445,0.1132945004,0.1036152188,0.1431267414,27,27,2.767733751,0.1391028988,1,0
12,FL,3.164358656,0.1121639987,0.1030306884,0.1553990401,32,32,3.212752768,0.1375104371,1,0
13,HR,3.038499097,-0.1247262626,0.101810911,0.1553990401,32,27,2.886079926,-0.1417663485,1,0
13,FR,3.425132113,-0.1246852032,0.1002018213,0.1515836801,37,37,3.333820529,-0.138881296,1,0
13,HL,3.03815334,0.1459355896,0.07389278435,0.1553990401,32,32,3.007833094,0.1505620102,1,0
13,FL,3.424835128,0.1462798226,0.07224628703,0.1515836801,37,37,3.455049027,0.1537725056,1,0
14,HR,3.201943545,-0.04990383086,0.08165445676,0.1553990401,32,32,3.125452918,-0.1375053805,1,0
14,FR,3.583030484,-0.1103376168,0.0446222797,0.1515836801,37,37,3.564509545,-0.1244310322,1,0
14,HL,3.312009585,0.2489943209,0.07714183736,0.1539959989,38,33,3.227759368,0.1827747089,1,0
14,FL,3.6786949,0.13929612,0.05322274404,0.1371041666,42,43,3.671049027,0.2060233355,1,0
15,HR,3.48528292,-0.1191128225,0.1070346708,0.1515836801,37,37,3.344277225,-0.1424805126,1,0
15,FR,3.866020692,-0.1144019728,0.09791497393,0.1371041666,42,42,3.790540876,-0.143984861,1,0
15,HL,3.486320529,0.1153557542,0.1106428679,0.1515836801,37,37,3.462509662,0.1380058692,1,0
15,FL,3.866841927,0.1100020553,0.101355296,0.1371041666,42,42,3.907883863,0.1359609717,1,0
