cycle,leg,nom_x,nom_y,on,stone_idx,ix,iy,cx,cy,top_z,role,dz_prev,marginal,infeasible
0,HR,-0.1842,-0.1419,strip,-1,-1,-1,-0.1842,-0.1419,0.1500,,,0,0
0,FR,0.2409,-0.1415,strip,-1,-1,-1,0.2409,-0.1415,0.1500,,,0,0
0,HL,-0.0739,0.1424,strip,-1,-1,-1,-0.0739,0.1424,0.1500,,,0,0
0,FL,0.4094,0.1412,strip,-1,-1,-1,0.4094,0.1412,0.1500,,,0,0
1,HR,0.0558,-0.1419,strip,-1,-1,-1,0.0558,-0.1419,0.1500,,,0,0
1,FR,0.4809,-0.1415,strip,-1,-1,-1,0.4809,-0.1415,0.1500,,,0,0
1,HL,0.1661,0.1424,strip,-1,-1,-1,0.1661,0.1424,0.1500,,,0,0
1,FL,0.6494,0.1412,strip,-1,-1,-1,0.6494,0.1412,0.1500,,,0,0
2,HR,0.2958,-0.1419,strip,-1,-1,-1,0.2958,-0.1419,0.1500,,,0,0
2,FR,0.7209,-0.1415,strip,-1,-1,-1,0.7209,-0.1415,0.1500,,,0,0
2,HL,0.4061,0.1424,strip,-1,-1,-1,0.4061,0.1424,0.1500,,,0,0
2,FL,0.8894,0.1412,stone,19,-1,2,0.8861,0.1424,0.5500,trap,0.4000,1,1
3,HR,0.5358,-0.1419,strip,-1,-1,-1,0.5358,-0.1419,0.1500,,,0,0
3,FR,0.9609,-0.1415,stone,20,-1,2,1.0158,-0.1419,0.4041,trap,0.2541,1,1
3,HL,0.6461,0.1424,strip,-1,-1,-1,0.6461,0.1424,0.1500,,,0,0
3,FL,1.1294,0.1412,stone,21,-1,2,1.1861,0.1424,0.4085,trap,-0.1415,1,1
4,HR,0.7758,-0.1419,stone,18,-1,2,0.7970,-0.1631,0.3820,trap,0.2320,1,1
4,FR,1.2009,-0.1415,stone,22,-1,2,1.2558,-0.1419,0.4174,trap,0.0133,0,0
4,HL,0.8861,0.1424,stone,19,-1,2,0.8861,0.1424,0.5500,trap,0.4000,1,1
4,FL,1.3694,0.1412,stone,23,-1,2,1.3661,0.1424,0.4127,trap,0.0042,0,0
5,HR,1.0158,-0.1419,stone,20,-1,2,1.0158,-0.1419,0.4041,trap,0.0222,0,0
5,FR,1.4409,-0.1415,stone,24,-1,2,1.4409,-0.1715,0.5500,trap,0.1326,1,0
5,HL,1.1261,0.1424,stone,21,-1,2,1.1861,0.1424,0.4085,trap,-0.1415,1,1
5,FL,1.6094,0.1412,stone,25,-1,2,1.6061,0.1424,0.4377,trap,0.0250,0,0
6,HR,1.2558,-0.1419,stone,22,-1,2,1.2558,-0.1419,0.4174,trap,0.0133,0,0
6,FR,1.6809,-0.1415,stone,26,-1,2,1.6809,-0.1415,0.4337,trap,-0.1163,1,0
6,HL,1.3661,0.1424,stone,23,-1,2,1.3661,0.1424,0.4127,trap,0.0042,0,0
6,FL,1.8494,0.1412,stone,27,-1,2,1.8885,0.0999,0.4496,trap,0.0119,0,0
7,HR,1.4958,-0.1419,stone,24,-1,2,1.4409,-0.1715,0.5500,trap,0.1326,1,0
7,FR,1.9209,-0.1415,stone,28,-1,2,1.9758,-0.1419,0.4472,trap,0.0134,0,0
7,HL,1.6061,0.1424,stone,25,-1,2,1.6061,0.1424,0.4377,trap,0.0250,0,0
7,FL,2.0894,0.1412,stone,29,-1,2,2.0894,0.1412,0.5500,trap,0.1004,1,0
8,HR,1.7358,-0.1419,stone,26,-1,2,1.6809,-0.1415,0.4337,trap,-0.1163,1,0
8,FR,2.1609,-0.1415,stone,3,3,0,2.1387,-0.2442,0.2573,path,-0.1899,1,1
8,HL,1.8461,0.1424,stone,27,-1,2,1.8885,0.0999,0.4496,trap,0.0119,0,0
8,FL,2.3294,0.1412,stone,31,-1,2,2.3082,0.1624,0.4543,trap,-0.0957,0,0
9,HR,1.9758,-0.1419,stone,28,-1,2,1.9758,-0.1419,0.4472,trap,0.0134,0,0
9,FR,2.4009,-0.1415,stone,32,-1,2,2.4558,-0.1419,0.4494,trap,0.1921,1,1
9,HL,2.0861,0.1424,stone,29,-1,2,2.0894,0.1412,0.5500,trap,0.1004,1,0
9,FL,2.5694,0.1412,stone,33,-1,2,2.5661,0.1424,0.0293,trap,-0.4251,1,1
10,HR,2.2158,-0.1419,stone,30,-1,2,2.2794,-0.2055,0.0246,trap,-0.4226,1,1
10,FR,2.6409,-0.1415,stone,34,-1,2,2.6197,-0.1628,0.5500,trap,0.1006,1,0
10,HL,2.3261,0.1424,stone,31,-1,2,2.3082,0.1624,0.4543,trap,-0.0957,0,0
10,FL,2.8094,0.1412,stone,35,-1,2,2.8061,0.1724,0.0554,trap,0.0261,0,0
11,HR,2.4558,-0.1419,stone,32,-1,2,2.4558,-0.1419,0.4494,trap,0.4248,1,1
11,FR,2.8809,-0.1415,stone,36,-1,2,2.9109,-0.1415,0.0409,trap,-0.5091,1,1
11,HL,2.5661,0.1424,stone,33,-1,2,2.5661,0.1424,0.0293,trap,-0.4251,1,1
11,FL,3.0494,0.1412,stone,37,-1,2,3.0461,0.1424,0.4352,trap,0.3798,1,1
12,HR,2.6958,-0.1419,stone,34,-1,2,2.6197,-0.1628,0.5500,trap,0.1006,1,0
12,FR,3.1209,-0.1415,stone,38,-1,2,3.0997,-0.1628,0.4428,trap,0.4019,1,1
12,HL,2.8061,0.1424,stone,35,-1,2,2.8061,0.1724,0.0554,trap,0.0261,0,0
12,FL,3.2894,0.1412,stone,39,-1,2,3.2894,0.1412,0.5500,trap,0.1148,1,0
13,HR,2.9358,-0.1419,stone,36,-1,2,2.9109,-0.1415,0.0409,trap,-0.5091,1,1
13,FR,3.3609,-0.1415,stone,40,-1,2,3.3609,-0.1415,0.0607,trap,-0.3821,1,1
13,HL,3.0461,0.1424,stone,37,-1,2,3.0461,0.1424,0.4352,trap,0.3798,1,1
13,FL,3.5294,0.1412,stone,41,-1,2,3.5473,0.1636,0.0502,trap,-0.4998,1,1
14,HR,3.1758,-0.1419,stone,38,-1,2,3.0997,-0.1628,0.4428,trap,0.4019,1,1
14,FR,3.6009,-0.1415,stone,42,-1,2,3.6009,-0.1415,0.4377,trap,0.3770,1,1
14,HL,3.2861,0.1424,stone,39,-1,2,3.2894,0.1412,0.5500,trap,0.1148,1,0
14,FL,3.7694,0.1412,stone,43,-1,2,3.7661,0.1424,0.4503,trap,0.4001,1,1
15,HR,3.4158,-0.1419,stone,40,-1,2,3.3609,-0.1415,0.0607,trap,-0.3821,1,1
15,FR,3.8409,-0.1415,stone,44,-1,2,3.8358,-0.1419,0.5500,trap,0.1123,1,0
15,HL,3.5261,0.1424,stone,41,-1,2,3.5473,0.1636,0.0502,trap,-0.4998,1,1
15,FL,4.0094,0.1412,stone,45,-1,2,4.0273,0.1212,0.0537,trap,-0.3966,1,1
16,HR,3.6558,-0.1419,stone,42,-1,2,3.6009,-0.1415,0.4377,trap,0.3770,1,1
16,FR,4.0809,-0.1415,stone,46,-1,2,4.1109,-0.1415,0.4226,trap,-0.1274,1,0
16,HL,3.7661,0.1424,stone,43,-1,2,3.7661,0.1424,0.4503,trap,0.4001,1,1
16,FL,4.2494,0.1412,stone,45,-1,2,4.0273,0.1212,0.0537,trap,0.0000,0,0
17,HR,3.8958,-0.1419,stone,44,-1,2,3.8358,-0.1419,0.5500,trap,0.1123,1,0
17,HL,4.0061,0.1424,stone,45,-1,2,4.0273,0.1212,0.0537,trap,-0.3966,1,1
18,HR,4.1358,-0.1419,stone,46,-1,2,4.1109,-0.1415,0.4226,trap,-0.1274,1,0
18,HL,4.2461,0.1424,stone,45,-1,2,4.0273,0.1212,0.0537,trap,0.0000,0,0
