t,pct,split,q0,q1,q2,q3,q4,q5,q6,q7,cmd0,cmd1,cmd2,cmd3,cmd4,cmd5,cmd6,cmd7,tau0,tau1,tau2,tau3,tau4,tau5,tau6,tau7,ff0,ff1,ff2,ff3,ff4,ff5,ff6,ff7
340.179,5.0,50.0,2.809,7.562,33.500,96.000,-2.334,-9.781,-48.969,-98.000,-0.630,4.012,32.739,97.398,1.060,-6.332,-48.469,-100.068,-5.910,-2.832,-0.770,0.037,6.012,2.711,0.431,-0.359,-0.072,0.343,0.081,0.488,0.072,0.345,0.080,0.487
340.280,6.0,50.0,2.812,7.562,33.500,96.000,-2.322,-9.766,-48.969,-98.000,-0.630,4.012,32.739,97.398,1.060,-6.332,-48.469,-100.068,-5.953,-2.682,-0.679,-0.070,5.887,2.584,0.440,-0.286,-0.087,0.411,0.097,0.585,0.086,0.414,0.096,0.584
340.381,7.0,50.0,2.812,7.574,33.531,95.938,-2.328,-9.781,-48.969,-98.000,-0.630,4.012,32.739,97.398,1.060,-6.332,-48.469,-100.068,-6.059,-2.664,-0.641,-0.077,5.973,2.525,0.182,-0.238,-0.101,0.480,0.114,0.684,0.101,0.484,0.112,0.683
340.481,8.0,50.0,2.820,7.574,33.500,95.938,-2.326,-9.766,-48.969,-98.000,-0.630,4.012,32.739,97.398,1.060,-6.332,-48.469,-100.068,-5.918,-2.527,-0.674,-0.152,5.703,2.494,0.332,-0.157,-0.115,0.548,0.130,0.781,0.115,0.553,0.128,0.780
340.583,9.1,50.0,2.814,7.582,33.531,95.875,-2.322,-9.789,-48.969,-98.000,-0.630,4.012,32.739,97.398,1.060,-6.332,-48.469,-100.068,-5.871,-2.498,-0.608,-0.273,5.992,2.404,0.224,-0.070,-0.130,0.618,0.146,0.880,0.130,0.623,0.144,0.879
340.685,10.1,50.0,2.814,7.590,33.500,95.875,-2.338,-9.789,-48.969,-97.938,-0.630,4.012,32.739,97.398,1.060,-6.332,-48.469,-100.068,-5.887,-2.455,-0.434,-0.321,6.090,2.408,0.125,-0.002,-0.145,0.687,0.162,0.979,0.144,0.693,0.160,0.978
340.787,11.1,50.0,2.814,7.598,33.531,95.812,-2.338,-9.805,-48.969,-97.938,-0.630,4.012,32.739,97.398,1.060,-6.332,-48.469,-100.068,-6.000,-2.447,-0.536,-0.371,5.703,2.166,0.030,0.034,-0.159,0.756,0.179,1.078,0.158,0.762,0.175,1.077
340.889,12.1,50.0,2.812,7.598,33.531,95.688,-2.328,-9.805,-48.969,-97.875,-0.630,4.012,32.739,97.398,1.060,-6.332,-48.469,-100.068,-5.883,-2.252,-0.482,-0.297,5.816,2.131,0.071,0.042,-0.174,0.825,0.195,1.177,0.173,0.832,0.191,1.176
340.989,13.1,50.0,2.820,7.605,33.531,95.438,-2.326,-9.820,-48.969,-97.812,-0.630,4.012,32.739,97.398,1.060,-6.332,-48.469,-100.068,-6.004,-2.352,-0.338,-0.231,5.867,2.148,0.096,0.166,-0.188,0.893,0.210,1.273,0.188,0.899,0.206,1.273
341.089,14.1,50.0,2.812,7.605,33.562,95.375,-2.332,-9.828,-49.000,-97.688,-0.630,4.012,32.739,97.398,1.060,-6.332,-48.469,-100.068,-5.688,-2.174,-0.378,-0.405,5.648,2.201,-0.046,0.089,-0.202,0.961,0.227,1.370,0.202,0.968,0.222,1.370
341.191,15.1,50.0,2.812,7.621,33.562,95.188,-2.342,-9.859,-49.000,-97.438,-0.630,4.012,32.739,97.398,1.060,-6.332,-48.469,-100.068,-5.797,-2.107,-0.338,-0.338,5.891,2.018,-0.008,0.101,-0.217,1.029,0.242,1.469,0.215,1.035,0.236,1.468
341.293,16.2,50.0,2.814,7.637,33.562,94.812,-2.334,-9.898,-49.000,-97.375,-0.630,4.012,32.739,97.398,1.060,-6.332,-48.469,-100.068,-5.797,-2.105,-0.373,-0.028,5.320,1.983,-0.122,0.164,-0.230,1.096,0.256,1.567,0.230,1.102,0.250,1.567
341.393,17.2,50.0,2.820,7.652,33.562,94.562,-2.338,-9.953,-49.031,-97.375,-0.630,4.012,32.739,97.398,1.060,-6.332,-48.469,-100.068,-5.805,-2.045,-0.275,-0.121,5.711,2.039,-0.148,0.267,-0.244,1.162,0.271,1.663,0.244,1.167,0.264,1.664
341.493,18.2,50.0,2.818,7.664,33.594,94.250,-2.334,-9.977,-49.031,-97.312,-0.630,4.012,32.739,97.398,1.060,-6.332,-48.469,-100.068,-5.742,-1.896,-0.257,-0.046,5.805,1.928,-0.171,0.276,-0.257,1.229,0.286,1.759,0.258,1.233,0.278,1.761
341.594,19.2,50.0,2.820,7.684,33.594,94.250,-2.344,-10.008,-49.062,-97.188,-0.630,4.012,32.739,97.398,1.060,-6.332,-48.469,-100.068,-5.645,-1.971,-0.180,-0.190,5.742,1.817,-0.171,0.327,-0.271,1.295,0.301,1.856,0.271,1.299,0.292,1.857
341.695,20.2,50.0,2.818,7.715,33.594,94.188,-2.342,-10.016,-49.094,-97.125,-0.630,4.012,32.739,97.398,1.060,-6.332,-48.469,-100.068,-5.793,-1.930,-0.102,-0.221,5.641,1.872,-0.133,0.305,-0.286,1.361,0.314,1.955,0.286,1.368,0.308,1.956
341.795,21.2,50.0,2.818,7.750,33.625,94.125,-2.344,-10.047,-49.125,-96.812,-0.630,4.012,32.739,97.398,1.060,-6.332,-48.469,-100.068,-5.871,-1.869,-0.037,-0.286,5.551,1.751,-0.238,0.202,-0.300,1.426,0.329,2.051,0.299,1.433,0.321,2.051
341.895,22.2,50.0,2.820,7.777,33.656,93.938,-2.338,-10.094,-49.156,-96.812,-0.630,4.012,32.739,97.398,1.060,-6.332,-48.469,-100.068,-5.715,-1.858,-0.071,-0.256,5.754,1.818,-0.225,0.365,-0.313,1.491,0.343,2.147,0.313,1.497,0.335,2.148
341.997,23.2,50.0,2.828,7.797,33.656,93.625,-2.338,-10.180,-49.250,-96.750,-0.630,4.012,32.739,97.398,1.060,-6.332,-48.469,-100.068,-5.676,-1.680,-0.079,-0.207,5.969,1.831,-0.113,0.401,-0.326,1.556,0.356,2.245,0.327,1.560,0.348,2.246
342.098,24.2,50.0,2.824,7.863,33.688,93.625,-2.348,-10.242,-49.375,-96.625,-0.630,4.012,32.739,97.398,1.060,-6.332,-48.469,-100.068,-5.602,-1.909,-0.017,-0.294,5.629,1.864,-0.043,0.387,-0.340,1.617,0.368,2.341,0.340,1.625,0.363,2.342
342.198,25.2,50.0,2.824,8.094,33.719,93.625,-2.348,-10.383,-49.438,-96.375,-0.630,4.012,32.739,97.398,1.060,-6.332,-48.469,-100.068,-5.781,-2.152,0.028,-0.385,5.320,2.025,-0.046,0.185,-0.354,1.659,0.367,2.437,0.353,1.678,0.369,2.437
342.299,26.2,50.0,2.824,8.203,33.750,93.562,-2.334,-10.547,-49.500,-96.125,-0.630,4.012,32.739,97.398,1.060,-6.332,-48.469,-100.068,-5.809,-1.995,0.059,-0.422,5.527,2.018,0.049,0.315,-0.368,1.715,0.374,2.534,0.368,1.728,0.373,2.534
342.401,27.2,50.0,2.818,8.203,33.750,93.500,-2.338,-10.594,-49.500,-96.062,-0.630,4.012,32.739,97.398,1.060,-6.332,-48.469,-100.068,-5.547,-1.920,0.099,-0.409,5.406,1.877,0.004,0.358,-0.383,1.781,0.388,2.633,0.381,1.789,0.383,2.632
342.503,28.3,50.0,2.820,8.234,33.781,93.375,-2.342,-10.594,-49.531,-95.875,-0.630,4.012,32.739,97.398,1.060,-6.332,-48.469,-100.068,-5.688,-1.845,0.158,-0.457,5.383,1.907,-0.034,0.296,-0.396,1.844,0.401,2.730,0.394,1.856,0.398,2.729
342.603,29.3,50.0,2.834,8.258,33.781,93.062,-2.338,-10.625,-49.562,-95.562,-0.630,4.012,32.739,97.398,1.060,-6.332,-48.469,-100.068,-5.824,-1.857,0.048,-0.308,5.645,1.896,-0.061,0.323,-0.407,1.905,0.411,2.825,0.408,1.917,0.409,2.824
342.705,30.3,50.0,2.828,8.359,33.812,93.000,-2.348,-10.641,-49.562,-95.500,-0.630,4.012,32.739,97.398,1.060,-6.332,-48.469,-100.068,-5.508,-1.924,0.323,-0.383,5.391,1.836,-0.117,0.333,-0.422,1.958,0.417,2.922,0.420,1.981,0.421,2.922
342.805,31.3,50.0,2.830,8.461,33.812,92.938,-2.338,-10.656,-49.594,-95.500,-0.630,4.012,32.739,97.398,1.060,-6.332,-48.469,-100.068,-5.648,-1.932,0.215,-0.489,5.488,1.752,-0.032,0.411,-0.435,2.008,0.421,3.018,0.436,2.046,0.435,3.018
342.905,32.3,50.0,2.828,8.648,33.844,92.750,-2.338,-10.672,-49.656,-95.375,-0.630,4.012,32.739,97.398,1.060,-6.332,-48.469,-100.068,-5.527,-2.150,0.107,-0.386,5.453,1.652,0.030,0.361,-0.448,2.045,0.417,3.111,0.449,2.112,0.450,3.114
343.006,33.3,50.0,2.828,8.742,33.875,92.188,-2.334,-10.719,-49.719,-94.938,-0.630,4.012,32.739,97.398,1.060,-6.332,-48.469,-100.068,-5.586,-2.264,0.263,-0.248,5.320,1.749,-0.074,0.082,-0.460,2.091,0.417,3.203,0.462,2.170,0.459,3.207
343.107,34.3,50.0,2.828,8.781,33.938,92.062,-2.344,-10.781,-49.750,-94.812,-0.630,4.012,32.739,97.398,1.060,-6.332,-48.469,-100.068,-5.660,-1.964,0.141,-0.134,5.586,1.646,-0.110,0.257,-0.473,2.152,0.428,3.300,0.474,2.228,0.468,3.304
343.207,35.3,50.0,2.830,8.797,33.969,91.750,-2.344,-10.820,-49.812,-94.750,-0.630,4.012,32.739,97.398,1.060,-6.332,-48.469,-100.068,-5.637,-2.055,0.245,-0.174,5.488,1.707,-0.024,0.307,-0.485,2.211,0.438,3.393,0.487,2.289,0.481,3.399
343.309,36.3,50.0,2.830,8.812,34.000,91.750,-2.342,-10.859,-49.906,-94.375,-0.630,4.012,32.739,97.398,1.060,-6.332,-48.469,-100.068,-5.645,-1.990,0.295,-0.245,5.453,1.723,0.139,0.122,-0.499,2.274,0.451,3.491,0.500,2.351,0.493,3.494
343.410,37.3,50.0,2.834,8.836,34.062,91.688,-2.348,-10.953,-50.000,-94.312,-0.630,4.012,32.739,97.398,1.060,-6.332,-48.469,-100.068,-5.668,-1.917,0.155,-0.311,5.535,1.752,0.114,0.338,-0.512,2.336,0.464,3.587,0.512,2.405,0.501,3.588
343.511,38.3,50.0,2.836,8.875,34.250,91.625,-2.342,-11.109,-50.031,-94.312,-0.630,4.012,32.739,97.398,1.060,-6.332,-48.469,-100.068,-5.582,-1.860,0.026,-0.360,5.449,1.805,0.021,0.309,-0.524,2.404,0.485,3.684,0.526,2.445,0.499,3.685
343.613,39.4,50.0,2.830,8.914,34.281,91.562,-2.342,-11.211,-50.062,-94.250,-0.630,4.012,32.739,97.398,1.060,-6.332,-48.469,-100.068,-5.445,-1.777,-0.020,-0.354,5.645,1.803,0.104,0.431,-0.539,2.462,0.494,3.781,0.540,2.493,0.501,3.781
343.715,40.4,50.0,2.840,8.984,34.344,91.312,-2.342,-11.219,-50.094,-94.250,-0.630,4.012,32.739,97.398,1.060,-6.332,-48.469,-100.068,-5.504,-1.965,0.007,-0.206,5.273,1.711,0.021,0.471,-0.550,2.515,0.500,3.875,0.554,2.559,0.515,3.879
343.815,41.4,50.0,2.834,9.008,34.344,91.125,-2.350,-11.242,-50.125,-94.125,-0.630,4.012,32.739,97.398,1.060,-6.332,-48.469,-100.068,-5.504,-1.816,0.080,-0.386,5.305,1.721,0.066,0.524,-0.564,2.570,0.507,3.969,0.565,2.618,0.526,3.974
343.915,42.4,50.0,2.830,9.039,34.375,91.125,-2.342,-11.266,-50.125,-94.125,-0.630,4.012,32.739,97.398,1.060,-6.332,-48.469,-100.068,-5.426,-1.696,0.115,-0.402,5.207,1.687,0.043,0.529,-0.578,2.628,0.518,4.064,0.580,2.677,0.536,4.069
344.015,43.4,50.0,2.836,9.094,34.375,91.062,-2.334,-11.305,-50.156,-93.875,-0.630,4.012,32.739,97.398,1.060,-6.332,-48.469,-100.068,-5.438,-1.853,0.110,-0.443,5.266,1.686,-0.089,0.231,-0.590,2.679,0.522,4.159,0.594,2.732,0.542,4.162
344.117,44.4,50.0,2.840,9.234,34.406,90.938,-2.342,-11.375,-50.156,-93.375,-0.630,4.012,32.739,97.398,1.060,-6.332,-48.469,-100.068,-5.434,-1.968,0.197,-0.505,5.492,1.685,-0.160,0.187,-0.602,2.714,0.515,4.253,0.604,2.775,0.538,4.253
344.218,45.4,50.0,2.836,9.312,34.438,90.875,-2.344,-11.430,-50.188,-93.062,-0.630,4.012,32.739,97.398,1.060,-6.332,-48.469,-100.068,-5.328,-1.820,0.127,-0.525,5.391,1.635,-0.114,0.252,-0.616,2.760,0.518,4.347,0.616,2.825,0.541,4.345
344.318,46.4,50.0,2.840,9.367,34.438,90.562,-2.354,-11.500,-50.188,-93.000,-0.630,4.012,32.739,97.398,1.060,-6.332,-48.469,-100.068,-5.285,-1.918,0.186,-0.281,5.289,1.671,-0.223,0.262,-0.627,2.805,0.516,4.438,0.626,2.871,0.542,4.439
344.419,47.4,50.0,2.840,9.398,34.531,90.500,-2.354,-11.664,-50.219,-92.875,-0.630,4.012,32.739,97.398,1.060,-6.332,-48.469,-100.068,-5.305,-1.906,0.147,-0.420,5.289,1.698,-0.234,0.315,-0.640,2.866,0.530,4.535,0.639,2.899,0.530,4.532
344.521,48.4,50.0,2.840,9.414,34.594,90.312,-2.357,-11.820,-50.250,-92.812,-0.630,4.012,32.739,97.398,1.060,-6.332,-48.469,-100.068,-5.559,-1.802,0.125,-0.437,5.219,1.940,-0.255,0.229,-0.652,2.926,0.542,4.629,0.651,2.927,0.519,4.626
344.621,49.4,50.0,2.840,9.438,34.656,89.938,-2.338,-11.844,-50.281,-92.625,-0.630,4.012,32.739,97.398,1.060,-6.332,-48.469,-100.068,-5.352,-1.757,0.044,-0.044,5.305,1.866,-0.182,0.328,-0.663,2.980,0.548,4.719,0.668,2.982,0.526,4.719
344.723,50.5,50.0,2.836,9.469,34.750,89.688,-2.344,-11.836,-50.344,-92.500,-0.630,4.012,32.739,97.398,1.060,-6.332,-48.469,-100.068,-5.332,-1.675,-0.048,-0.243,5.617,1.763,-0.199,0.324,-0.676,3.038,0.559,4.813,0.680,3.048,0.542,4.814
344.823,51.5,50.0,2.850,9.508,34.812,89.375,-2.348,-11.859,-50.375,-92.438,-0.630,4.012,32.739,97.398,1.060,-6.332,-48.469,-100.068,-5.512,-1.756,-0.002,-0.178,5.000,1.731,-0.195,0.384,-0.684,3.089,0.564,4.902,0.692,3.105,0.550,4.908
344.923,52.5,50.0,2.844,9.617,34.844,89.312,-2.350,-11.867,-50.406,-92.250,-0.630,4.012,32.739,97.398,1.060,-6.332,-48.469,-100.068,-5.250,-1.819,0.001,-0.270,5.410,1.735,-0.198,0.283,-0.698,3.124,0.558,4.995,0.703,3.163,0.559,5.001
345.025,53.5,50.0,2.844,9.664,34.906,89.250,-2.350,-11.891,-50.500,-91.875,-0.630,4.012,32.739,97.398,1.060,-6.332,-48.469,-100.068,-5.457,-1.746,-0.022,-0.309,5.473,1.667,-0.045,0.237,-0.711,3.177,0.566,5.090,0.715,3.220,0.568,5.091
345.125,54.5,50.0,2.854,9.695,34.938,89.188,-2.350,-11.914,-50.656,-91.875,-0.630,4.012,32.739,97.398,1.060,-6.332,-48.469,-100.068,-5.359,-1.714,0.062,-0.312,5.215,1.569,0.044,0.288,-0.721,3.230,0.573,5.183,0.727,3.288,0.590,5.186
345.227,55.5,50.0,2.854,9.781,34.969,89.125,-2.350,-11.945,-50.719,-91.875,-0.630,4.012,32.739,97.398,1.060,-6.332,-48.469,-100.068,-5.531,-1.854,-0.025,-0.351,5.359,1.607,0.050,0.400,-0.734,3.270,0.570,5.277,0.741,3.347,0.602,5.282
345.329,56.5,50.0,2.855,9.914,34.969,88.812,-2.354,-11.969,-50.750,-91.812,-0.630,4.012,32.739,97.398,1.060,-6.332,-48.469,-100.068,-5.375,-1.983,0.020,-0.147,5.281,1.452,-0.006,0.431,-0.744,3.289,0.550,5.366,0.753,3.404,0.610,5.378
345.429,57.5,50.0,2.854,10.023,35.000,88.750,-2.354,-12.008,-50.750,-91.688,-0.630,4.012,32.739,97.398,1.060,-6.332,-48.469,-100.068,-5.184,-2.041,0.116,-0.287,5.074,1.619,0.107,0.484,-0.757,3.319,0.542,5.457,0.765,3.452,0.611,5.470
345.531,58.5,50.0,2.840,10.023,35.031,88.688,-2.357,-12.031,-50.750,-91.500,-0.630,4.012,32.739,97.398,1.060,-6.332,-48.469,-100.068,-5.234,-1.895,0.208,-0.367,5.148,1.495,-0.111,0.316,-0.774,3.380,0.553,5.553,0.776,3.503,0.614,5.563
345.631,59.5,50.0,2.854,10.039,35.031,88.688,-2.363,-12.047,-50.781,-91.312,-0.630,4.012,32.739,97.398,1.060,-6.332,-48.469,-100.068,-5.320,-1.811,0.147,-0.429,5.258,1.464,-0.086,0.433,-0.783,3.433,0.560,5.647,0.786,3.557,0.620,5.654
345.734,60.6,50.0,2.859,10.055,35.062,88.625,-2.359,-12.094,-50.812,-91.250,-0.630,4.012,32.739,97.398,1.060,-6.332,-48.469,-100.068,-5.363,-1.810,0.211,-0.465,5.117,1.434,-0.146,0.473,-0.794,3.489,0.568,5.743,0.800,3.607,0.624,5.749
345.835,61.6,50.0,2.859,10.070,35.094,88.562,-2.363,-12.180,-50.844,-91.250,-0.630,4.012,32.739,97.398,1.060,-6.332,-48.469,-100.068,-5.301,-1.791,0.124,-0.531,5.039,1.629,-0.157,0.532,-0.807,3.545,0.577,5.838,0.812,3.646,0.621,5.844
345.935,62.6,50.0,2.855,10.094,35.156,88.500,-2.363,-12.312,-50.875,-91.062,-0.630,4.012,32.739,97.398,1.060,-6.332,-48.469,-100.068,-5.453,-1.756,0.222,-0.525,5.254,1.667,-0.099,0.417,-0.821,3.601,0.587,5.931,0.824,3.665,0.603,5.931
346.035,63.6,50.0,2.865,10.133,35.219,88.125,-2.354,-12.383,-50.938,-90.500,-0.630,4.012,32.739,97.398,1.060,-6.332,-48.469,-100.068,-5.277,-1.795,0.071,-0.256,5.156,1.681,-0.100,0.222,-0.828,3.644,0.586,6.016,0.836,3.695,0.591,6.012
346.157,64.4,50.0,2.861,10.195,35.250,88.062,-2.365,-12.406,-50.969,-90.375,-0.630,4.012,32.739,97.398,1.060,-6.332,-48.469,-100.068,-5.207,-1.774,0.166,-0.487,5.078,1.567,-0.172,0.284,-0.838,3.673,0.582,6.089,0.841,3.735,0.594,6.084
346.257,65.4,50.0,2.871,10.227,35.375,88.000,-2.357,-12.422,-51.031,-90.125,-0.630,4.012,32.739,97.398,1.060,-6.332,-48.469,-100.068,-5.277,-1.700,-0.143,-0.476,5.094,1.594,-0.116,0.098,-0.847,3.732,0.598,6.181,0.855,3.788,0.600,6.173
346.359,66.4,50.0,2.871,10.242,35.438,87.750,-2.359,-12.445,-51.094,-90.062,-0.630,4.012,32.739,97.398,1.060,-6.332,-48.469,-100.068,-5.195,-1.658,-0.026,-0.381,5.145,1.584,-0.045,0.265,-0.858,3.786,0.604,6.272,0.867,3.845,0.610,6.267
346.461,67.4,50.0,2.869,10.320,35.500,87.312,-2.365,-12.461,-51.188,-90.000,-0.630,4.012,32.739,97.398,1.060,-6.332,-48.469,-100.068,-5.293,-1.790,0.019,-0.311,5.062,1.492,0.023,0.368,-0.868,3.814,0.591,6.355,0.877,3.908,0.626,6.361
346.561,68.4,50.0,2.875,10.477,35.531,87.125,-2.365,-12.492,-51.219,-90.000,-0.630,4.012,32.739,97.398,1.060,-6.332,-48.469,-100.068,-5.410,-1.879,-0.046,-0.147,5.004,1.485,-0.016,0.399,-0.877,3.818,0.563,6.440,0.890,3.959,0.632,6.455
346.663,69.4,50.0,2.865,10.500,35.562,86.875,-2.365,-12.531,-51.250,-89.938,-0.630,4.012,32.739,97.398,1.060,-6.332,-48.469,-100.068,-5.188,-1.835,0.077,-0.243,5.082,1.464,-0.001,0.413,-0.892,3.864,0.563,6.529,0.903,4.007,0.635,6.548
346.765,70.5,50.0,2.875,10.523,35.594,86.812,-2.369,-12.625,-51.281,-89.875,-0.630,4.012,32.739,97.398,1.060,-6.332,-48.469,-100.068,-5.285,-1.873,0.065,-0.251,4.828,1.529,-0.027,0.423,-0.900,3.914,0.568,6.622,0.914,4.037,0.625,6.640
346.865,71.5,50.0,2.871,10.547,35.594,86.750,-2.369,-12.680,-51.312,-89.688,-0.630,4.012,32.739,97.398,1.060,-6.332,-48.469,-100.068,-5.203,-1.688,0.104,-0.263,5.336,1.496,-0.049,0.333,-0.914,3.960,0.568,6.714,0.925,4.074,0.619,6.728
346.965,72.5,50.0,2.871,10.578,35.625,86.688,-2.357,-12.758,-51.344,-89.375,-0.630,4.012,32.739,97.398,1.060,-6.332,-48.469,-100.068,-5.090,-1.750,0.089,-0.424,5.188,1.562,0.000,0.329,-0.926,4.007,0.571,6.805,0.939,4.098,0.603,6.811
347.067,73.5,50.0,2.881,10.594,35.656,86.625,-2.369,-12.945,-51.375,-89.312,-0.630,4.012,32.739,97.398,1.060,-6.332,-48.469,-100.068,-5.117,-1.583,0.074,-0.422,5.273,1.751,-0.141,0.366,-0.935,4.059,0.577,6.899,0.947,4.092,0.569,6.899
347.169,74.5,50.0,2.891,10.609,35.688,86.375,-2.363,-13.047,-51.375,-89.188,-0.630,4.012,32.739,97.398,1.060,-6.332,-48.469,-100.068,-5.219,-1.613,0.113,-0.221,5.109,1.803,-0.175,0.378,-0.942,4.106,0.577,6.987,0.961,4.109,0.547,6.988
347.271,75.5,50.0,2.881,10.625,35.781,86.250,-2.369,-13.055,-51.406,-88.938,-0.630,4.012,32.739,97.398,1.060,-6.332,-48.469,-100.068,-5.172,-1.707,0.141,-0.441,5.078,1.778,-0.265,0.275,-0.957,4.164,0.589,7.078,0.970,4.158,0.548,7.076
347.371,76.5,50.0,2.881,10.656,35.812,86.250,-2.365,-13.070,-51.438,-88.812,-0.630,4.012,32.739,97.398,1.060,-6.332,-48.469,-100.068,-5.156,-1.641,0.030,-0.420,4.668,1.652,-0.295,0.346,-0.969,4.212,0.593,7.171,0.983,4.207,0.551,7.165
347.471,77.5,50.0,2.887,10.672,35.844,86.188,-2.365,-13.070,-51.438,-88.750,-0.630,4.012,32.739,97.398,1.060,-6.332,-48.469,-100.068,-5.273,-1.580,0.100,-0.536,4.977,1.684,-0.284,0.397,-0.979,4.263,0.599,7.262,0.995,4.260,0.556,7.257
347.573,78.5,50.0,2.891,10.711,35.875,86.062,-2.373,-13.094,-51.500,-88.625,-0.630,4.012,32.739,97.398,1.060,-6.332,-48.469,-100.068,-5.129,-1.644,0.057,-0.450,4.898,1.648,-0.260,0.343,-0.989,4.304,0.597,7.352,1.004,4.311,0.562,7.347
347.673,79.5,50.0,2.893,10.758,36.000,86.062,-2.375,-13.117,-51.531,-88.312,-0.630,4.012,32.739,97.398,1.060,-6.332,-48.469,-100.068,-5.156,-1.418,0.012,-0.534,4.898,1.622,-0.256,0.259,-0.999,4.357,0.610,7.444,1.013,4.350,0.555,7.430
347.773,80.5,50.0,2.893,10.789,36.031,85.875,-2.373,-13.117,-51.562,-88.188,-0.630,4.012,32.739,97.398,1.060,-6.332,-48.469,-100.068,-5.102,-1.500,-0.019,-0.458,5.074,1.574,-0.346,0.373,-1.010,4.397,0.607,7.531,1.025,4.404,0.561,7.519
347.875,81.6,50.0,2.896,10.883,36.062,85.625,-2.369,-13.172,-51.594,-88.062,-0.630,4.012,32.739,97.398,1.060,-6.332,-48.469,-100.068,-5.109,-1.737,-0.031,-0.449,4.918,1.682,-0.339,0.323,-1.019,4.411,0.584,7.614,1.039,4.438,0.553,7.608
347.977,82.6,50.0,2.902,11.039,36.125,85.625,-2.375,-13.250,-51.656,-87.812,-0.630,4.012,32.739,97.398,1.060,-6.332,-48.469,-100.068,-5.090,-1.744,-0.029,-0.483,5.121,1.661,-0.266,0.186,-1.028,4.412,0.558,7.703,1.046,4.461,0.538,7.692
348.079,83.6,50.0,2.908,11.070,36.156,85.438,-2.379,-13.258,-51.812,-87.625,-0.630,4.012,32.739,97.398,1.060,-6.332,-48.469,-100.068,-5.281,-1.689,-0.029,-0.419,4.973,1.619,-0.109,0.280,-1.036,4.451,0.553,7.790,1.055,4.527,0.558,7.780
348.179,84.6,50.0,2.900,11.109,36.188,84.938,-2.379,-13.281,-51.875,-87.562,-0.630,4.012,32.739,97.398,1.060,-6.332,-48.469,-100.068,-5.023,-1.760,0.061,-0.165,5.230,1.508,-0.133,0.294,-1.047,4.473,0.531,7.864,1.067,4.578,0.565,7.869
348.279,85.6,50.0,2.906,11.117,36.219,84.688,-2.379,-13.312,-51.938,-87.562,-0.630,4.012,32.739,97.398,1.060,-6.332,-48.469,-100.068,-5.090,-1.788,0.054,-0.117,5.020,1.589,-0.050,0.432,-1.054,4.517,0.529,7.947,1.079,4.628,0.572,7.961
348.381,86.6,50.0,2.908,11.125,36.219,84.438,-2.389,-13.344,-51.969,-87.438,-0.630,4.012,32.739,97.398,1.060,-6.332,-48.469,-100.068,-4.895,-1.693,0.112,-0.185,5.082,1.478,-0.054,0.347,-1.064,4.557,0.522,8.032,1.086,4.669,0.569,8.050
348.481,87.6,50.0,2.908,11.219,36.250,84.438,-2.373,-13.461,-52.000,-87.312,-0.630,4.012,32.739,97.398,1.060,-6.332,-48.469,-100.068,-4.984,-1.831,0.129,-0.285,4.910,1.641,-0.070,0.288,-1.075,4.575,0.505,8.121,1.104,4.672,0.541,8.133
348.581,88.6,50.0,2.922,11.234,36.250,84.375,-2.383,-13.469,-52.062,-87.062,-0.630,4.012,32.739,97.398,1.060,-6.332,-48.469,-100.068,-5.105,-1.664,0.194,-0.360,4.797,1.475,-0.141,0.341,-1.080,4.617,0.503,8.210,1.109,4.721,0.543,8.216
348.683,89.6,50.0,2.918,11.250,36.281,84.312,-2.379,-13.500,-52.062,-87.000,-0.630,4.012,32.739,97.398,1.060,-6.332,-48.469,-100.068,-5.004,-1.665,0.140,-0.270,5.039,1.554,-0.069,0.375,-1.094,4.665,0.506,8.301,1.123,4.759,0.537,8.306
348.785,90.7,50.0,2.928,11.281,36.312,84.250,-2.383,-13.531,-52.125,-87.000,-0.630,4.012,32.739,97.398,1.060,-6.332,-48.469,-100.068,-5.137,-1.793,0.341,-0.418,4.922,1.567,-0.025,0.430,-1.101,4.707,0.505,8.392,1.133,4.808,0.543,8.399
348.887,91.7,50.0,2.980,11.312,36.375,84.188,-2.389,-13.602,-52.219,-87.000,-0.630,4.012,32.739,97.398,1.060,-6.332,-48.469,-100.068,-5.348,-1.604,0.169,-0.463,4.695,1.516,-0.086,0.515,-1.086,4.752,0.508,8.482,1.142,4.845,0.543,8.490
348.987,92.7,50.0,2.980,11.312,36.406,83.938,-2.385,-13.609,-52.250,-86.938,-0.630,4.012,32.739,97.398,1.060,-6.332,-48.469,-100.068,-5.238,-1.661,0.155,-0.193,4.664,1.427,-0.044,0.573,-1.095,4.797,0.506,8.564,1.156,4.896,0.549,8.580
349.089,93.7,50.0,3.004,11.367,36.438,83.812,-2.389,-13.656,-52.375,-86.875,-0.630,4.012,32.739,97.398,1.060,-6.332,-48.469,-100.068,-5.227,-1.537,0.253,-0.393,5.008,1.451,0.064,0.577,-1.094,4.823,0.493,8.650,1.165,4.945,0.558,8.670
349.191,94.7,50.0,3.004,11.398,36.531,83.812,-2.391,-13.656,-52.438,-86.688,-0.630,4.012,32.739,97.398,1.060,-6.332,-48.469,-100.068,-5.176,-1.677,0.118,-0.477,5.082,1.398,0.070,0.432,-1.105,4.876,0.505,8.742,1.175,5.000,0.565,8.756
349.291,95.7,50.0,3.012,11.461,36.688,83.750,-2.395,-13.672,-52.500,-86.250,-0.630,4.012,32.739,97.398,1.060,-6.332,-48.469,-100.068,-5.094,-1.718,0.072,-0.536,4.703,1.429,0.178,0.353,-1.110,4.919,0.513,8.829,1.180,5.034,0.554,8.829
349.393,96.7,50.0,3.020,11.508,36.719,83.688,-2.395,-13.680,-52.531,-86.125,-0.630,4.012,32.739,97.398,1.060,-6.332,-48.469,-100.068,-5.262,-1.622,0.061,-0.538,4.723,1.436,0.142,0.366,-1.117,4.951,0.506,8.917,1.192,5.083,0.556,8.917
349.495,97.8,50.0,3.051,11.562,36.781,83.562,-2.398,-13.695,-52.562,-85.688,-0.630,4.012,32.739,97.398,1.060,-6.332,-48.469,-100.068,-5.289,-1.739,-0.007,-0.546,4.762,1.276,0.144,0.290,-1.110,4.981,0.497,9.002,1.198,5.112,0.538,8.990
349.595,98.8,50.0,3.045,11.727,36.812,83.312,-2.395,-13.703,-52.562,-85.688,-0.630,4.012,32.739,97.398,1.060,-6.332,-48.469,-100.068,-5.355,-1.805,0.135,-0.311,4.656,1.303,0.046,0.379,-1.121,4.945,0.439,9.074,1.212,5.160,0.541,9.081
349.697,99.8,50.0,3.051,11.812,36.812,83.188,-2.398,-13.734,-52.594,-85.688,-0.630,4.012,32.739,97.398,1.060,-6.332,-48.469,-100.068,-5.266,-1.961,0.048,-0.505,5.086,1.284,-0.043,0.395,-1.128,4.947,0.407,9.157,1.222,5.203,0.541,9.173
349.799,100.0,50.0,3.057,11.836,36.812,83.188,-2.395,-13.789,-52.594,-85.625,-0.630,4.012,32.739,97.398,1.060,-6.332,-48.469,-100.068,-5.367,-1.828,0.227,-0.456,4.879,1.369,-0.039,0.410,-1.127,4.947,0.400,9.176,1.226,5.185,0.520,9.188
349.901,100.0,50.0,3.061,11.836,36.844,83.125,-2.406,-13.773,-52.594,-85.625,-0.630,4.012,32.739,97.398,1.060,-6.332,-48.469,-100.068,-5.145,-1.814,0.109,-0.463,4.898,1.340,0.051,0.399,-1.124,4.948,0.402,9.172,1.220,5.192,0.526,9.188
350.001,100.0,50.0,3.072,11.836,36.844,83.125,-2.398,-13.781,-52.594,-85.625,-0.630,4.012,32.739,97.398,1.060,-6.332,-48.469,-100.068,-5.250,-1.902,0.188,-0.481,4.816,1.355,-0.017,0.390,-1.117,4.948,0.402,9.172,1.224,5.189,0.523,9.188
350.103,100.0,50.0,3.062,11.844,36.844,83.125,-2.391,-13.789,-52.594,-85.625,-0.630,4.012,32.739,97.398,1.060,-6.332,-48.469,-100.068,-5.207,-1.827,0.103,-0.506,4.445,1.355,0.056,0.397,-1.123,4.945,0.399,9.172,1.228,5.185,0.520,9.188
350.203,100.0,50.0,3.072,11.836,36.844,83.125,-2.389,-13.789,-52.594,-85.625,-0.630,4.012,32.739,97.398,1.060,-6.332,-48.469,-100.068,-5.301,-1.972,0.163,-0.408,4.766,1.422,0.071,0.327,-1.117,4.948,0.402,9.172,1.229,5.185,0.520,9.188
350.303,100.0,50.0,3.057,11.836,36.844,83.125,-2.389,-13.789,-52.625,-85.625,-0.630,4.012,32.739,97.398,1.060,-6.332,-48.469,-100.068,-5.316,-1.918,0.130,-0.486,5.020,1.309,0.042,0.399,-1.126,4.948,0.402,9.173,1.229,5.190,0.526,9.188
350.405,100.0,50.0,3.066,11.844,36.844,83.125,-2.391,-13.797,-52.594,-85.625,-0.630,4.012,32.739,97.398,1.060,-6.332,-48.469,-100.068,-5.309,-1.909,0.105,-0.456,4.730,1.362,0.046,0.360,-1.121,4.945,0.399,9.172,1.228,5.181,0.518,9.187
350.507,100.0,50.0,3.068,11.844,36.844,83.125,-2.404,-13.797,-52.594,-85.625,-0.630,4.012,32.739,97.398,1.060,-6.332,-48.469,-100.068,-5.406,-1.806,0.091,-0.455,4.977,1.344,0.039,0.385,-1.119,4.945,0.399,9.172,1.221,5.181,0.518,9.187
350.607,100.0,50.0,3.066,11.836,36.844,83.125,-2.404,-13.789,-52.594,-85.625,-0.630,4.012,32.739,97.398,1.060,-6.332,-48.469,-100.068,-5.312,-1.816,0.139,-0.485,4.879,1.334,-0.049,0.410,-1.121,4.948,0.402,9.172,1.221,5.185,0.520,9.188
350.707,100.0,50.0,3.057,11.836,36.844,83.125,-2.395,-13.797,-52.594,-85.625,-0.630,4.012,32.739,97.398,1.060,-6.332,-48.469,-100.068,-5.371,-1.833,0.103,-0.463,4.863,1.312,0.041,0.386,-1.126,4.948,0.402,9.173,1.226,5.181,0.518,9.187
350.809,100.0,50.0,3.062,11.836,36.844,83.125,-2.391,-13.805,-52.594,-85.625,-0.630,4.012,32.739,97.398,1.060,-6.332,-48.469,-100.068,-5.320,-1.861,0.101,-0.515,4.941,1.341,0.038,0.390,-1.123,4.948,0.402,9.172,1.228,5.177,0.515,9.187
350.911,100.0,50.0,3.061,11.844,36.844,83.062,-2.395,-13.797,-52.594,-85.625,-0.630,4.012,32.739,97.398,1.060,-6.332,-48.469,-100.068,-5.324,-1.939,0.103,-0.460,4.875,1.310,0.065,0.391,-1.123,4.941,0.396,9.169,1.226,5.181,0.518,9.187
351.011,100.0,50.0,3.072,11.844,36.844,83.062,-2.395,-13.797,-52.625,-85.625,-0.630,4.012,32.739,97.398,1.060,-6.332,-48.469,-100.068,-5.273,-2.002,0.156,-0.445,5.043,1.316,0.124,0.370,-1.117,4.941,0.396,9.169,1.226,5.186,0.523,9.187
351.111,100.0,50.0,3.061,11.844,36.844,83.062,-2.391,-13.797,-52.594,-85.562,-0.630,4.012,32.739,97.398,1.060,-6.332,-48.469,-100.068,-5.434,-1.920,0.102,-0.488,4.785,1.245,0.091,0.365,-1.123,4.941,0.396,9.169,1.227,5.178,0.514,9.184
351.213,100.0,50.0,3.068,11.828,36.844,83.062,-2.385,-13.805,-52.594,-85.625,-0.630,4.012,32.739,97.398,1.060,-6.332,-48.469,-100.068,-5.219,-1.898,0.170,-0.458,4.891,1.351,0.047,0.392,-1.119,4.949,0.401,9.170,1.231,5.177,0.515,9.187
351.313,100.0,50.0,3.062,11.844,36.844,83.062,-2.400,-13.797,-52.594,-85.625,-0.630,4.012,32.739,97.398,1.060,-6.332,-48.469,-100.068,-5.199,-1.827,0.138,-0.451,4.992,1.382,-0.010,0.397,-1.122,4.941,0.396,9.169,1.223,5.181,0.518,9.187
351.415,100.0,50.0,3.072,11.844,36.844,83.062,-2.404,-13.805,-52.625,-85.625,-0.630,4.012,32.739,97.398,1.060,-6.332,-48.469,-100.068,-5.367,-1.792,0.126,-0.429,5.023,1.287,-0.000,0.381,-1.117,4.941,0.396,9.169,1.220,5.182,0.521,9.187
351.517,100.0,50.0,3.066,11.844,36.844,83.062,-2.398,-13.805,-52.594,-85.625,-0.630,4.012,32.739,97.398,1.060,-6.332,-48.469,-100.068,-5.496,-1.812,0.100,-0.516,4.895,1.377,0.054,0.365,-1.120,4.941,0.396,9.169,1.224,5.177,0.515,9.187
351.619,100.0,50.0,3.088,11.836,36.844,83.062,-2.400,-13.805,-52.594,-85.562,-0.630,4.012,32.739,97.398,1.060,-6.332,-48.469,-100.068,-5.375,-1.880,0.070,-0.433,4.883,1.386,0.013,0.349,-1.108,4.945,0.398,9.169,1.222,5.174,0.511,9.184
351.719,100.0,50.0,3.072,11.844,36.844,83.062,-2.404,-13.805,-52.594,-85.625,-0.630,4.012,32.739,97.398,1.060,-6.332,-48.469,-100.068,-5.559,-1.875,0.131,-0.407,4.895,1.321,0.092,0.385,-1.117,4.941,0.396,9.169,1.221,5.177,0.515,9.187
351.821,100.0,50.0,3.076,11.844,36.844,83.062,-2.398,-13.797,-52.594,-85.562,-0.630,4.012,32.739,97.398,1.060,-6.332,-48.469,-100.068,-5.188,-1.819,0.098,-0.383,4.715,1.369,0.054,0.402,-1.115,4.941,0.396,9.169,1.223,5.178,0.514,9.184
351.921,100.0,50.0,3.072,11.836,36.844,83.062,-2.406,-13.805,-52.625,-85.625,-0.630,4.012,32.739,97.398,1.060,-6.332,-48.469,-100.068,-5.465,-1.854,0.141,-0.389,4.859,1.309,0.028,0.390,-1.117,4.945,0.398,9.169,1.219,5.182,0.521,9.187
352.021,100.0,50.0,3.076,11.836,36.844,83.062,-2.400,-13.805,-52.594,-85.562,-0.630,4.012,32.739,97.398,1.060,-6.332,-48.469,-100.068,-5.371,-1.925,0.117,-0.387,4.934,1.347,0.011,0.395,-1.115,4.945,0.398,9.169,1.222,5.174,0.511,9.184
352.123,100.0,50.0,3.078,11.852,36.844,83.062,-2.406,-13.805,-52.594,-85.625,-0.630,4.012,32.739,97.398,1.060,-6.332,-48.469,-100.068,-5.328,-1.997,0.036,-0.414,4.910,1.332,0.006,0.446,-1.114,4.937,0.393,9.168,1.220,5.177,0.515,9.187
352.225,100.0,50.0,3.066,11.844,36.844,83.062,-2.406,-13.805,-52.594,-85.625,-0.630,4.012,32.739,97.398,1.060,-6.332,-48.469,-100.068,-5.309,-1.889,0.214,-0.439,4.992,1.337,0.018,0.371,-1.120,4.941,0.396,9.169,1.220,5.177,0.515,9.187
352.327,100.0,50.0,3.072,11.844,36.844,83.062,-2.398,-13.805,-52.625,-85.562,-0.630,4.012,32.739,97.398,1.060,-6.332,-48.469,-100.068,-5.234,-1.841,0.007,-0.431,4.723,1.294,0.064,0.380,-1.117,4.941,0.396,9.169,1.223,5.179,0.517,9.184
352.427,100.0,50.0,3.076,11.844,36.844,83.062,-2.400,-13.805,-52.625,-85.562,-0.630,4.012,32.739,97.398,1.060,-6.332,-48.469,-100.068,-5.301,-1.876,0.142,-0.410,4.848,1.396,-0.006,0.376,-1.115,4.941,0.396,9.169,1.222,5.179,0.517,9.184
352.529,100.0,50.0,3.062,11.836,36.844,83.062,-2.398,-13.805,-52.594,-85.625,-0.630,4.012,32.739,97.398,1.060,-6.332,-48.469,-100.068,-5.355,-1.979,0.160,-0.438,4.871,1.281,0.007,0.397,-1.122,4.945,0.398,9.169,1.224,5.177,0.515,9.187
352.631,100.0,50.0,3.072,11.844,36.844,83.000,-2.404,-13.820,-52.594,-85.625,-0.630,4.012,32.739,97.398,1.060,-6.332,-48.469,-100.068,-5.094,-1.890,0.197,-0.399,4.789,1.378,0.029,0.340,-1.116,4.938,0.392,9.166,1.220,5.169,0.510,9.186
352.733,100.0,50.0,3.068,11.844,36.844,83.062,-2.400,-13.812,-52.625,-85.562,-0.630,4.012,32.739,97.398,1.060,-6.332,-48.469,-100.068,-5.230,-1.867,0.073,-0.437,4.969,1.326,-0.016,0.413,-1.119,4.941,0.396,9.169,1.222,5.175,0.514,9.183
352.833,100.0,50.0,3.076,11.844,36.844,83.062,-2.395,-13.820,-52.594,-85.625,-0.630,4.012,32.739,97.398,1.060,-6.332,-48.469,-100.068,-5.234,-1.913,0.173,-0.483,4.859,1.347,-0.044,0.386,-1.115,4.941,0.396,9.169,1.226,5.170,0.510,9.186
352.935,100.0,50.0,3.078,11.844,36.844,83.062,-2.406,-13.805,-52.594,-85.625,-0.630,4.012,32.739,97.398,1.060,-6.332,-48.469,-100.068,-5.426,-1.869,0.079,-0.427,5.148,1.348,-0.074,0.370,-1.114,4.941,0.396,9.169,1.220,5.177,0.515,9.187
353.037,100.0,50.0,3.068,11.844,36.844,83.062,-2.400,-13.789,-52.594,-85.625,-0.630,4.012,32.739,97.398,1.060,-6.332,-48.469,-100.068,-5.379,-1.954,0.097,-0.448,4.449,1.361,0.026,0.408,-1.119,4.941,0.396,9.169,1.223,5.185,0.520,9.188
353.137,100.0,50.0,3.076,11.844,36.844,83.000,-2.406,-13.789,-52.562,-85.625,-0.630,4.012,32.739,97.398,1.060,-6.332,-48.469,-100.068,-5.508,-1.812,0.083,-0.422,4.898,1.390,-0.005,0.438,-1.114,4.938,0.392,9.166,1.220,5.180,0.515,9.188
353.237,100.0,50.0,3.072,11.844,36.844,83.000,-2.400,-13.758,-52.594,-85.688,-0.630,4.012,32.739,97.398,1.060,-6.332,-48.469,-100.068,-5.336,-1.817,0.149,-0.423,4.660,1.304,-0.100,0.452,-1.116,4.938,0.392,9.166,1.224,5.203,0.535,9.192
353.339,100.0,50.0,3.072,11.844,36.844,83.062,-2.404,-13.750,-52.562,-85.688,-0.630,4.012,32.739,97.398,1.060,-6.332,-48.469,-100.068,-5.328,-1.926,0.080,-0.411,4.992,1.292,-0.068,0.466,-1.117,4.941,0.396,9.169,1.222,5.202,0.532,9.193
353.441,100.0,50.0,3.072,11.844,36.844,83.062,-2.391,-13.750,-52.562,-85.750,-0.630,4.012,32.739,97.398,1.060,-6.332,-48.469,-100.068,-5.328,-1.782,0.109,-0.420,4.637,1.269,-0.038,0.492,-1.117,4.941,0.396,9.169,1.230,5.205,0.535,9.196
353.543,100.0,50.0,3.066,11.836,36.844,83.000,-2.410,-13.742,-52.562,-85.750,-0.630,4.012,32.739,97.398,1.060,-6.332,-48.469,-100.068,-5.301,-1.869,0.107,-0.415,4.672,1.250,-0.074,0.471,-1.119,4.942,0.395,9.166,1.219,5.209,0.538,9.196
353.645,100.0,50.0,3.068,11.844,36.844,83.062,-2.406,-13.734,-52.531,-85.812,-0.630,4.012,32.739,97.398,1.060,-6.332,-48.469,-100.068,-5.289,-1.847,0.159,-0.470,4.797,1.231,-0.182,0.529,-1.119,4.941,0.396,9.169,1.222,5.211,0.538,9.200
353.747,100.0,50.0,3.072,11.836,36.844,83.062,-2.404,-13.688,-52.469,-85.938,-0.630,4.012,32.739,97.398,1.060,-6.332,-48.469,-100.068,-5.316,-1.813,0.108,-0.430,5.016,1.154,-0.189,0.705,-1.117,4.945,0.398,9.169,1.225,5.230,0.550,9.208
353.847,100.0,50.0,3.072,11.836,36.844,83.062,-2.395,-13.602,-52.406,-86.625,-0.630,4.012,32.739,97.398,1.060,-6.332,-48.469,-100.068,-5.375,-2.020,0.148,-0.433,4.871,0.976,-0.369,1.238,-1.117,4.945,0.398,9.169,1.238,5.297,0.606,9.244
353.949,100.0,50.0,3.084,11.727,36.812,83.125,-2.400,-13.461,-52.156,-87.188,-0.630,4.012,32.739,97.398,1.060,-6.332,-48.469,-100.068,-5.375,-1.678,0.113,-0.532,4.684,0.728,-0.743,1.286,-1.112,4.997,0.433,9.179,1.243,5.352,0.639,9.276
354.049,100.0,50.0,3.100,11.492,36.812,83.188,-2.398,-13.312,-51.938,-87.312,-0.630,4.012,32.739,97.398,1.060,-6.332,-48.469,-100.068,-5.465,-1.047,0.057,-0.597,4.570,0.614,-1.033,1.437,-1.106,5.115,0.517,9.195,1.248,5.394,0.655,9.290
354.151,100.0,50.0,3.123,11.109,36.812,83.250,-2.398,-13.188,-51.844,-87.938,-0.630,4.012,32.739,97.398,1.060,-6.332,-48.469,-100.068,-5.379,-0.852,0.030,-0.595,4.836,0.428,-1.118,1.811,-1.096,5.306,0.650,9.219,1.255,5.468,0.712,9.322
354.251,100.0,50.0,3.107,11.008,36.781,83.312,-2.400,-13.172,-51.750,-88.188,-0.630,4.012,32.739,97.398,1.060,-6.332,-48.469,-100.068,-5.383,-0.701,0.182,-0.719,4.746,0.445,-1.335,2.023,-1.106,5.354,0.682,9.227,1.257,5.472,0.713,9.333
354.351,100.0,50.0,3.135,10.914,36.688,83.938,-2.398,-13.156,-51.406,-88.688,-0.630,4.012,32.739,97.398,1.060,-6.332,-48.469,-100.068,-5.250,-0.561,0.186,-0.996,4.656,0.434,-1.913,2.324,-1.100,5.415,0.731,9.260,1.266,5.446,0.681,9.354
354.453,100.0,50.0,3.135,10.797,36.500,84.125,-2.395,-13.086,-51.344,-89.125,-0.630,4.012,32.739,97.398,1.060,-6.332,-48.469,-100.068,-5.281,-0.352,0.649,-1.190,4.852,0.312,-1.812,2.473,-1.104,5.450,0.746,9.274,1.273,5.488,0.713,9.375
354.553,100.0,50.0,3.141,10.742,36.219,84.562,-2.410,-12.906,-51.281,-89.688,-0.630,4.012,32.739,97.398,1.060,-6.332,-48.469,-100.068,-5.660,-0.277,1.055,-1.408,4.664,-0.028,-1.877,2.902,-1.108,5.452,0.736,9.296,1.272,5.587,0.787,9.404
354.655,100.0,50.0,3.154,10.500,36.156,84.938,-2.406,-12.547,-51.219,-90.125,-0.630,4.012,32.739,97.398,1.060,-6.332,-48.469,-100.068,-5.352,0.108,0.951,-1.723,4.797,-0.615,-1.979,3.033,-1.107,5.576,0.825,9.323,1.281,5.766,0.911,9.436
354.755,100.0,50.0,3.164,10.219,36.156,85.312,-2.406,-12.234,-51.062,-90.438,-0.630,4.012,32.739,97.398,1.060,-6.332,-48.469,-100.068,-5.695,0.497,0.879,-1.873,4.801,-0.972,-2.016,3.330,-1.108,5.728,0.937,9.352,1.287,5.900,0.997,9.460
354.855,100.0,50.0,3.154,9.992,36.156,85.688,-2.406,-11.938,-51.031,-90.688,-0.630,4.012,32.739,97.398,1.060,-6.332,-48.469,-100.068,-5.371,0.720,0.743,-2.004,4.684,-1.277,-1.918,3.281,-1.119,5.853,1.029,9.378,1.292,6.044,1.097,9.480
354.957,100.0,50.0,3.160,9.961,36.125,85.938,-2.406,-11.844,-50.875,-90.750,-0.630,4.012,32.739,97.398,1.060,-6.332,-48.469,-100.068,-5.398,0.757,0.887,-2.281,4.750,-1.317,-2.410,3.346,-1.119,5.874,1.046,9.388,1.294,6.065,1.101,9.486
355.057,100.0,50.0,3.166,9.953,36.031,86.312,-2.414,-11.789,-50.750,-91.188,-0.630,4.012,32.739,97.398,1.060,-6.332,-48.469,-100.068,-5.473,0.750,0.985,-2.416,5.039,-1.262,-2.391,3.928,-1.121,5.877,1.048,9.403,1.296,6.086,1.113,9.502
355.157,100.0,50.0,3.156,9.883,35.781,86.625,-2.420,-11.797,-50.688,-91.688,-0.630,4.012,32.739,97.398,1.060,-6.332,-48.469,-100.068,-5.559,0.787,1.497,-2.627,4.738,-1.296,-2.613,4.117,-1.132,5.883,1.040,9.417,1.298,6.089,1.118,9.517
355.259,100.0,50.0,3.164,9.852,35.594,86.938,-2.422,-11.742,-50.562,-91.938,-0.630,4.012,32.739,97.398,1.060,-6.332,-48.469,-100.068,-5.465,0.845,1.771,-2.770,4.762,-1.380,-2.857,4.023,-1.133,5.879,1.029,9.430,1.301,6.102,1.122,9.526
355.359,100.0,50.0,3.170,9.766,35.500,87.250,-2.420,-11.516,-50.281,-91.938,-0.630,4.012,32.739,97.398,1.060,-6.332,-48.469,-100.068,-5.629,0.925,1.782,-3.082,4.832,-2.102,-3.533,4.023,-1.134,5.916,1.054,9.445,1.306,6.162,1.143,9.535
355.459,100.0,50.0,3.160,9.562,35.469,87.438,-2.416,-11.148,-50.031,-91.938,-0.630,4.012,32.739,97.398,1.060,-6.332,-48.469,-100.068,-5.418,1.332,1.819,-3.092,4.801,-2.096,-3.457,3.973,-1.143,6.015,1.122,9.459,1.312,6.292,1.213,9.547
355.561,100.0,50.0,3.164,9.414,35.312,87.562,-2.420,-11.008,-49.844,-91.938,-0.630,4.012,32.739,97.398,1.060,-6.332,-48.469,-100.068,-5.500,1.480,2.096,-3.088,4.734,-2.301,-3.719,4.020,-1.145,6.064,1.146,9.470,1.312,6.326,1.223,9.552
355.663,100.0,50.0,3.172,9.305,34.969,87.875,-2.422,-10.969,-49.781,-91.938,-0.630,4.012,32.739,97.398,1.060,-6.332,-48.469,-100.068,-5.527,1.502,2.549,-3.451,4.789,-2.379,-3.623,3.992,-1.148,6.070,1.131,9.484,1.312,6.334,1.224,9.553
355.763,100.0,50.0,3.180,9.305,34.906,88.750,-2.426,-10.922,-49.781,-91.938,-0.630,4.012,32.739,97.398,1.060,-6.332,-48.469,-100.068,-5.551,1.482,2.584,-4.055,4.930,-2.422,-3.662,3.953,-1.154,6.090,1.153,9.512,1.311,6.356,1.239,9.555
355.863,100.0,50.0,3.242,9.188,34.750,89.062,-2.420,-10.898,-49.781,-91.938,-0.630,4.012,32.739,97.398,1.060,-6.332,-48.469,-100.068,-5.652,1.752,2.945,-4.012,4.875,-2.404,-3.707,4.074,-1.128,6.129,1.174,9.525,1.314,6.367,1.246,9.556
355.963,100.0,50.0,3.260,9.039,34.562,89.438,-2.410,-10.805,-49.750,-91.875,-0.630,4.012,32.739,97.398,1.060,-6.332,-48.469,-100.068,-5.680,1.866,3.107,-4.066,4.688,-2.547,-3.748,4.004,-1.125,6.180,1.200,9.541,1.319,6.403,1.268,9.557
356.063,100.0,50.0,3.279,8.836,34.281,89.562,-2.414,-10.742,-49.750,-91.812,-0.630,4.012,32.739,97.398,1.060,-6.332,-48.469,-100.068,-5.953,2.252,3.648,-4.148,4.957,-2.529,-3.715,3.936,-1.121,6.232,1.217,9.551,1.317,6.430,1.285,9.558
356.165,100.0,50.0,3.279,8.625,33.844,89.562,-2.414,-10.727,-49.750,-91.812,-0.630,4.012,32.739,97.398,1.060,-6.332,-48.469,-100.068,-5.758,2.354,4.355,-4.164,4.699,-2.686,-3.805,3.969,-1.126,6.258,1.203,9.558,1.317,6.437,1.290,9.558
356.265,100.0,50.0,3.270,8.484,33.500,89.500,-2.410,-10.617,-49.469,-91.812,-0.630,4.012,32.739,97.398,1.060,-6.332,-48.469,-100.068,-5.758,2.568,4.695,-4.113,4.621,-2.695,-4.352,3.928,-1.134,6.265,1.182,9.561,1.322,6.442,1.273,9.562
356.367,100.0,50.0,3.270,8.219,33.062,89.562,-2.422,-10.531,-49.156,-91.812,-0.630,4.012,32.739,97.398,1.060,-6.332,-48.469,-100.068,-5.602,2.773,5.395,-4.133,4.750,-2.766,-4.836,3.990,-1.141,6.317,1.188,9.571,1.319,6.430,1.243,9.564
356.469,100.0,50.0,3.270,8.070,32.469,89.562,-2.414,-10.508,-48.844,-91.875,-0.630,4.012,32.739,97.398,1.060,-6.332,-48.469,-100.068,-5.672,2.834,6.078,-4.191,4.734,-2.725,-5.090,3.990,-1.147,6.288,1.126,9.576,1.325,6.391,1.196,9.567
356.571,100.0,50.0,3.273,7.871,32.188,89.562,-2.420,-10.492,-48.812,-91.938,-0.630,4.012,32.739,97.398,1.060,-6.332,-48.469,-100.068,-5.605,3.107,6.625,-4.160,4.770,-2.785,-5.082,4.016,-1.149,6.334,1.137,9.582,1.323,6.395,1.197,9.569
356.671,100.0,50.0,3.270,7.680,31.891,89.562,-2.416,-10.438,-48.781,-92.000,-0.630,4.012,32.739,97.398,1.060,-6.332,-48.469,-100.068,-5.750,3.305,7.012,-4.207,4.816,-2.785,-5.117,4.070,-1.155,6.373,1.142,9.588,1.327,6.417,1.210,9.573
356.771,100.0,50.0,3.260,7.586,31.719,89.562,-2.400,-10.414,-48.781,-92.000,-0.630,4.012,32.739,97.398,1.060,-6.332,-48.469,-100.068,-5.609,3.340,7.121,-4.172,4.719,-2.920,-5.191,4.082,-1.162,6.388,1.140,9.591,1.335,6.428,1.218,9.573
356.873,100.0,50.0,3.260,7.559,31.625,89.562,-2.420,-10.422,-48.750,-92.000,-0.630,4.012,32.739,97.398,1.060,-6.332,-48.469,-100.068,-5.754,3.199,7.238,-4.262,4.703,-2.758,-5.262,3.998,-1.163,6.385,1.131,9.591,1.325,6.419,1.210,9.573
356.975,100.0,50.0,3.264,7.547,31.531,89.562,-2.414,-10.414,-48.719,-92.000,-0.630,4.012,32.739,97.398,1.060,-6.332,-48.469,-100.068,-5.652,3.268,7.359,-4.199,4.566,-2.805,-5.129,4.062,-1.162,6.375,1.118,9.592,1.328,6.418,1.206,9.573
357.077,100.0,50.0,3.260,7.516,31.406,89.562,-2.404,-10.422,-48.688,-92.000,-0.630,4.012,32.739,97.398,1.060,-6.332,-48.469,-100.068,-5.523,3.326,7.656,-4.199,4.855,-2.994,-5.262,4.051,-1.165,6.369,1.105,9.593,1.333,6.409,1.198,9.573
357.179,100.0,50.0,3.268,7.477,31.266,89.562,-2.414,-10.422,-48.656,-92.000,-0.630,4.012,32.739,97.398,1.060,-6.332,-48.469,-100.068,-5.648,3.289,7.727,-4.137,4.543,-2.838,-5.363,4.055,-1.163,6.364,1.092,9.594,1.329,6.404,1.192,9.573
357.279,100.0,50.0,3.270,7.434,31.203,89.562,-2.422,-10.422,-48.656,-92.062,-0.630,4.012,32.739,97.398,1.060,-6.332,-48.469,-100.068,-5.547,3.445,7.758,-4.168,4.559,-2.838,-5.352,4.141,-1.163,6.373,1.093,9.595,1.325,6.406,1.194,9.575
357.379,100.0,50.0,3.264,7.414,31.156,89.562,-2.406,-10.414,-48.656,-92.188,-0.630,4.012,32.739,97.398,1.060,-6.332,-48.469,-100.068,-5.707,3.551,7.918,-4.188,4.887,-2.770,-5.332,4.160,-1.166,6.374,1.091,9.596,1.334,6.413,1.201,9.578
357.481,100.0,50.0,3.264,7.402,31.109,89.562,-2.410,-10.414,-48.594,-92.250,-0.630,4.012,32.739,97.398,1.060,-6.332,-48.469,-100.068,-5.602,3.438,7.949,-4.234,4.781,-2.855,-5.461,4.219,-1.167,6.372,1.086,9.596,1.334,6.405,1.192,9.580
357.583,100.0,50.0,3.268,7.383,31.109,89.562,-2.414,-10.406,-48.594,-92.312,-0.630,4.012,32.739,97.398,1.060,-6.332,-48.469,-100.068,-5.641,3.404,8.039,-4.148,4.695,-2.775,-5.488,4.301,-1.165,6.381,1.092,9.596,1.332,6.410,1.196,9.582
357.685,100.0,50.0,3.264,7.375,31.094,89.562,-2.414,-10.414,-48.594,-92.312,-0.630,4.012,32.739,97.398,1.060,-6.332,-48.469,-100.068,-5.539,3.316,8.102,-4.219,4.730,-3.002,-5.492,4.258,-1.167,6.382,1.092,9.597,1.332,6.406,1.194,9.582
357.787,100.0,50.0,3.264,7.375,31.078,89.562,-2.420,-10.414,-48.594,-92.375,-0.630,4.012,32.739,97.398,1.060,-6.332,-48.469,-100.068,-5.633,3.453,8.094,-4.180,4.652,-2.836,-5.461,4.242,-1.167,6.380,1.089,9.597,1.330,6.408,1.196,9.583
357.887,100.0,50.0,3.260,7.371,31.078,89.562,-2.416,-10.406,-48.594,-92.375,-0.630,4.012,32.739,97.398,1.060,-6.332,-48.469,-100.068,-5.527,3.525,8.047,-4.227,4.719,-2.898,-5.371,4.285,-1.169,6.381,1.090,9.597,1.332,6.412,1.198,9.583
357.987,100.0,50.0,3.270,7.355,31.047,89.562,-2.406,-10.414,-48.594,-92.375,-0.630,4.012,32.739,97.398,1.060,-6.332,-48.469,-100.068,-5.668,3.412,7.910,-4.191,4.832,-2.871,-5.359,4.250,-1.165,6.383,1.089,9.597,1.337,6.408,1.196,9.583
358.089,100.0,50.0,3.273,7.348,31.016,89.562,-2.410,-10.422,-48.594,-92.375,-0.630,4.012,32.739,97.398,1.060,-6.332,-48.469,-100.068,-5.504,3.318,8.195,-4.234,4.734,-2.818,-5.438,4.305,-1.163,6.382,1.086,9.597,1.335,6.405,1.193,9.583
358.189,100.0,50.0,3.268,7.336,31.000,89.562,-2.406,-10.414,-48.594,-92.375,-0.630,4.012,32.739,97.398,1.060,-6.332,-48.469,-100.068,-5.809,3.412,8.164,-4.215,4.750,-2.697,-5.430,4.332,-1.166,6.385,1.087,9.598,1.337,6.408,1.196,9.583
358.291,100.0,50.0,3.270,7.336,30.969,89.562,-2.420,-10.406,-48.594,-92.375,-0.630,4.012,32.739,97.398,1.060,-6.332,-48.469,-100.068,-5.516,3.404,8.141,-4.152,4.660,-2.863,-5.348,4.266,-1.165,6.379,1.081,9.598,1.330,6.412,1.198,9.583
358.391,100.0,50.0,3.258,7.336,30.953,89.562,-2.410,-10.406,-48.594,-92.375,-0.630,4.012,32.739,97.398,1.060,-6.332,-48.469,-100.068,-5.660,3.699,8.211,-4.211,4.609,-2.777,-5.426,4.312,-1.171,6.377,1.078,9.598,1.335,6.412,1.198,9.583
358.491,100.0,50.0,3.270,7.312,30.938,89.562,-2.416,-10.406,-48.594,-92.375,-0.630,4.012,32.739,97.398,1.060,-6.332,-48.469,-100.068,-5.559,3.469,8.172,-4.230,4.523,-2.873,-5.441,4.254,-1.166,6.385,1.083,9.598,1.332,6.412,1.198,9.583
358.593,100.0,50.0,3.264,7.309,30.922,89.562,-2.406,-10.406,-48.594,-92.375,-0.630,4.012,32.739,97.398,1.060,-6.332,-48.469,-100.068,-5.559,3.553,8.219,-4.152,4.688,-2.867,-5.438,4.277,-1.169,6.384,1.081,9.599,1.337,6.412,1.198,9.583
358.695,100.0,50.0,3.270,7.297,30.906,89.562,-2.416,-10.414,-48.594,-92.438,-0.630,4.012,32.739,97.398,1.060,-6.332,-48.469,-100.068,-5.586,3.285,8.156,-4.180,4.766,-2.816,-5.469,4.262,-1.166,6.387,1.082,9.599,1.333,6.410,1.197,9.585
358.797,100.0,50.0,3.268,7.297,30.906,89.562,-2.406,-10.422,-48.594,-92.438,-0.630,4.012,32.739,97.398,1.060,-6.332,-48.469,-100.068,-5.812,3.570,8.344,-4.199,4.711,-2.836,-5.445,4.312,-1.167,6.387,1.082,9.599,1.337,6.406,1.195,9.585
358.897,100.0,50.0,3.270,7.293,30.906,89.562,-2.414,-10.414,-48.594,-92.438,-0.630,4.012,32.739,97.398,1.060,-6.332,-48.469,-100.068,-5.805,3.494,8.266,-4.164,4.629,-2.766,-5.383,4.242,-1.166,6.389,1.083,9.599,1.334,6.410,1.197,9.585
358.999,100.0,50.0,3.273,7.301,30.906,89.562,-2.410,-10.406,-48.594,-92.438,-0.630,4.012,32.739,97.398,1.060,-6.332,-48.469,-100.068,-5.559,3.633,8.281,-4.184,4.586,-2.895,-5.445,4.320,-1.164,6.385,1.080,9.599,1.336,6.414,1.200,9.585
359.101,100.0,50.0,3.270,7.289,30.906,89.562,-2.416,-10.414,-48.594,-92.438,-0.630,4.012,32.739,97.398,1.060,-6.332,-48.469,-100.068,-5.742,3.566,8.250,-4.203,4.711,-2.896,-5.508,4.305,-1.166,6.391,1.084,9.599,1.333,6.410,1.197,9.585
359.201,100.0,50.0,3.268,7.293,30.891,89.562,-2.414,-10.414,-48.594,-92.500,-0.630,4.012,32.739,97.398,1.060,-6.332,-48.469,-100.068,-5.547,3.551,8.320,-4.305,4.910,-2.826,-5.531,4.359,-1.167,6.386,1.080,9.599,1.334,6.412,1.199,9.586
359.301,100.0,50.0,3.268,7.273,30.875,89.562,-2.426,-10.406,-48.594,-92.562,-0.630,4.012,32.739,97.398,1.060,-6.332,-48.469,-100.068,-5.699,3.639,8.289,-4.215,4.492,-2.879,-5.488,4.410,-1.168,6.393,1.083,9.600,1.329,6.417,1.204,9.588
359.403,100.0,50.0,3.273,7.262,30.844,89.562,-2.416,-10.406,-48.594,-92.562,-0.630,4.012,32.739,97.398,1.060,-6.332,-48.469,-100.068,-5.609,3.623,8.500,-4.246,4.754,-2.895,-5.398,4.375,-1.165,6.393,1.081,9.600,1.334,6.417,1.204,9.588
359.503,100.0,50.0,3.270,7.262,30.844,89.562,-2.416,-10.414,-48.594,-92.562,-0.630,4.012,32.739,97.398,1.060,-6.332,-48.469,-100.068,-5.602,3.496,8.328,-4.195,4.875,-2.842,-5.527,4.422,-1.167,6.393,1.081,9.600,1.334,6.413,1.201,9.588
359.605,100.0,50.0,3.273,7.262,30.844,89.562,-2.400,-10.422,-48.594,-92.562,-0.630,4.012,32.739,97.398,1.060,-6.332,-48.469,-100.068,-5.777,3.332,8.344,-4.191,4.738,-2.801,-5.297,4.402,-1.165,6.393,1.081,9.600,1.342,6.410,1.199,9.588
359.705,100.0,50.0,3.268,7.262,30.844,89.562,-2.410,-10.414,-48.594,-92.562,-0.630,4.012,32.739,97.398,1.060,-6.332,-48.469,-100.068,-5.629,3.621,8.383,-4.277,5.164,-2.822,-5.453,4.387,-1.168,6.393,1.081,9.600,1.337,6.413,1.201,9.588
359.805,100.0,50.0,3.275,7.250,30.844,89.562,-2.410,-10.406,-48.594,-92.562,-0.630,4.012,32.739,97.398,1.060,-6.332,-48.469,-100.068,-5.688,3.432,8.523,-4.277,4.855,-2.803,-5.449,4.336,-1.164,6.398,1.085,9.600,1.337,6.417,1.204,9.588
359.905,100.0,50.0,3.275,7.250,30.828,89.562,-2.414,-10.414,-48.594,-92.562,-0.630,4.012,32.739,97.398,1.060,-6.332,-48.469,-100.068,-5.520,3.508,8.461,-4.176,4.633,-2.895,-5.410,4.316,-1.164,6.396,1.082,9.600,1.335,6.413,1.201,9.588
360.007,100.0,50.0,3.270,7.258,30.828,89.562,-2.414,-10.406,-48.594,-92.562,-0.630,4.012,32.739,97.398,1.060,-6.332,-48.469,-100.068,-5.785,3.639,8.453,-4.234,4.566,-2.873,-5.418,4.355,-1.167,6.392,1.080,9.600,1.335,6.417,1.204,9.588
360.107,100.0,50.0,3.258,7.254,30.828,89.562,-2.406,-10.406,-48.594,-92.562,-0.630,4.012,32.739,97.398,1.060,-6.332,-48.469,-100.068,-5.645,3.482,8.305,-4.242,4.727,-2.771,-5.363,4.434,-1.173,6.394,1.081,9.600,1.339,6.417,1.204,9.588
360.208,100.0,50.0,3.268,7.254,30.828,89.562,-2.414,-10.414,-48.594,-92.562,-0.630,4.012,32.739,97.398,1.060,-6.332,-48.469,-100.068,-5.719,3.551,8.328,-4.230,4.605,-2.762,-5.461,4.453,-1.168,6.394,1.081,9.600,1.335,6.413,1.201,9.588
360.309,100.0,50.0,3.268,7.254,30.828,89.562,-2.416,-10.414,-48.594,-92.562,-0.630,4.012,32.739,97.398,1.060,-6.332,-48.469,-100.068,-5.539,3.695,8.367,-4.172,4.707,-2.795,-5.391,4.383,-1.168,6.394,1.081,9.600,1.334,6.413,1.201,9.588
360.411,100.0,50.0,3.270,7.238,30.828,89.562,-2.404,-10.414,-48.594,-92.562,-0.630,4.012,32.739,97.398,1.060,-6.332,-48.469,-100.068,-5.438,3.736,8.430,-4.211,4.848,-2.713,-5.438,4.430,-1.167,6.401,1.086,9.601,1.340,6.413,1.201,9.588
360.513,100.0,50.0,3.268,7.254,30.828,89.562,-2.416,-10.406,-48.594,-92.562,-0.630,4.012,32.739,97.398,1.060,-6.332,-48.469,-100.068,-5.699,3.701,8.430,-4.223,4.758,-2.791,-5.438,4.406,-1.168,6.394,1.081,9.600,1.334,6.417,1.204,9.588
360.613,100.0,50.0,3.275,7.238,30.828,89.562,-2.416,-10.406,-48.594,-92.625,-0.630,4.012,32.739,97.398,1.060,-6.332,-48.469,-100.068,-5.648,3.418,8.430,-4.293,4.766,-2.865,-5.332,4.164,-1.164,6.401,1.086,9.601,1.335,6.419,1.206,9.590
360.713,100.0,50.0,3.270,7.250,30.828,89.562,-2.406,-10.414,-48.594,-92.625,-0.630,4.012,32.739,97.398,1.060,-6.332,-48.469,-100.068,-5.699,3.732,8.438,-4.219,4.859,-2.852,-5.609,4.305,-1.167,6.396,1.082,9.600,1.339,6.415,1.203,9.590
360.813,100.0,50.0,3.264,7.246,30.812,89.562,-2.420,-10.414,-48.594,-92.625,-0.630,4.012,32.739,97.398,1.060,-6.332,-48.469,-100.068,-5.516,3.701,8.359,-4.230,4.809,-2.852,-5.297,4.367,-1.170,6.395,1.080,9.600,1.333,6.415,1.203,9.589
360.915,100.0,50.0,3.279,7.234,30.812,89.562,-2.406,-10.414,-48.594,-92.562,-0.630,4.012,32.739,97.398,1.060,-6.332,-48.469,-100.068,-5.648,3.504,8.242,-4.195,4.484,-2.789,-5.277,4.352,-1.163,6.400,1.084,9.601,1.339,6.413,1.201,9.588
361.015,100.0,50.0,3.270,7.250,30.812,89.562,-2.404,-10.414,-48.594,-92.562,-0.630,4.012,32.739,97.398,1.060,-6.332,-48.469,-100.068,-5.719,3.672,8.367,-4.230,4.766,-2.904,-5.316,4.488,-1.167,6.393,1.079,9.600,1.340,6.413,1.201,9.588
361.117,100.0,50.0,3.268,7.250,30.812,89.562,-2.414,-10.414,-48.594,-92.625,-0.630,4.012,32.739,97.398,1.060,-6.332,-48.469,-100.068,-5.711,3.648,8.227,-4.195,4.688,-2.824,-5.293,4.469,-1.168,6.393,1.079,9.600,1.335,6.415,1.203,9.590
361.217,100.0,50.0,3.273,7.238,30.828,89.562,-2.416,-10.406,-48.594,-92.625,-0.630,4.012,32.739,97.398,1.060,-6.332,-48.469,-100.068,-5.762,3.678,8.484,-4.148,4.637,-2.818,-5.305,4.352,-1.165,6.401,1.086,9.601,1.335,6.419,1.206,9.590
361.317,100.0,50.0,3.270,7.242,30.812,89.562,-2.414,-10.422,-48.594,-92.562,-0.630,4.012,32.739,97.398,1.060,-6.332,-48.469,-100.068,-5.711,3.455,8.312,-4.219,4.668,-2.797,-5.473,4.406,-1.167,6.397,1.082,9.600,1.335,6.410,1.199,9.588
361.419,100.0,50.0,3.273,7.238,30.828,89.562,-2.422,-10.406,-48.594,-92.625,-0.630,4.012,32.739,97.398,1.060,-6.332,-48.469,-100.068,-5.750,3.463,8.430,-4.242,4.668,-2.975,-5.465,4.449,-1.165,6.401,1.086,9.601,1.332,6.419,1.206,9.590
361.519,100.0,50.0,3.264,7.238,30.812,89.562,-2.414,-10.422,-48.594,-92.625,-0.630,4.012,32.739,97.398,1.060,-6.332,-48.469,-100.068,-5.582,3.664,8.336,-4.195,4.746,-2.887,-5.508,4.324,-1.170,6.398,1.083,9.601,1.335,6.412,1.201,9.589
361.621,100.0,50.0,3.273,7.238,30.812,89.562,-2.426,-10.414,-48.594,-92.625,-0.630,4.012,32.739,97.398,1.060,-6.332,-48.469,-100.068,-5.527,3.600,8.422,-4.219,4.902,-2.748,-5.449,4.336,-1.165,6.398,1.083,9.601,1.330,6.415,1.203,9.589
361.723,100.0,50.0,3.268,7.238,30.812,89.562,-2.410,-10.406,-48.625,-92.625,-0.630,4.012,32.739,97.398,1.060,-6.332,-48.469,-100.068,-5.777,3.811,8.375,-4.164,4.910,-2.871,-5.375,4.410,-1.168,6.398,1.083,9.601,1.337,6.424,1.211,9.590
361.823,100.0,50.0,3.270,7.238,30.812,89.562,-2.410,-10.422,-48.594,-92.625,-0.630,4.012,32.739,97.398,1.060,-6.332,-48.469,-100.068,-5.539,3.611,8.430,-4.172,4.895,-2.729,-5.383,4.387,-1.167,6.398,1.083,9.601,1.337,6.412,1.201,9.589
361.923,100.0,50.0,3.268,7.242,30.812,89.562,-2.410,-10.414,-48.594,-92.625,-0.630,4.012,32.739,97.398,1.060,-6.332,-48.469,-100.068,-5.750,3.666,8.391,-4.156,4.703,-2.844,-5.422,4.430,-1.168,6.397,1.082,9.601,1.337,6.415,1.203,9.590
362.025,100.0,50.0,3.268,7.238,30.828,89.562,-2.416,-10.414,-48.594,-92.625,-0.630,4.012,32.739,97.398,1.060,-6.332,-48.469,-100.068,-5.641,3.471,8.242,-4.172,4.629,-2.887,-5.258,4.387,-1.168,6.401,1.086,9.601,1.334,6.415,1.203,9.590
362.125,100.0,50.0,3.273,7.230,30.812,89.562,-2.410,-10.406,-48.594,-92.625,-0.630,4.012,32.739,97.398,1.060,-6.332,-48.469,-100.068,-5.609,3.631,8.234,-4.195,4.809,-2.861,-5.137,4.324,-1.166,6.402,1.085,9.601,1.337,6.419,1.206,9.590
362.227,100.0,50.0,3.264,7.230,30.812,89.562,-2.414,-10.414,-48.594,-92.625,-0.630,4.012,32.739,97.398,1.060,-6.332,-48.469,-100.068,-5.648,3.486,8.305,-4.309,5.039,-2.883,-5.219,4.406,-1.170,6.402,1.085,9.601,1.335,6.415,1.203,9.590
362.327,100.0,50.0,3.275,7.238,30.828,89.562,-2.414,-10.406,-48.594,-92.625,-0.630,4.012,32.739,97.398,1.060,-6.332,-48.469,-100.068,-5.562,3.646,8.391,-4.242,4.539,-2.994,-5.383,4.375,-1.164,6.401,1.086,9.601,1.335,6.419,1.206,9.590
362.427,100.0,50.0,3.273,7.242,30.812,89.562,-2.404,-10.414,-48.594,-92.625,-0.630,4.012,32.739,97.398,1.060,-6.332,-48.469,-100.068,-5.633,3.658,8.516,-4.191,4.594,-2.770,-5.336,4.473,-1.165,6.397,1.082,9.600,1.340,6.415,1.203,9.590
362.539,100.0,50.0,3.273,7.230,30.812,89.562,-2.420,-10.414,-48.594,-92.625,-0.630,4.012,32.739,97.398,1.060,-6.332,-48.469,-100.068,-5.531,3.695,8.398,-4.109,4.656,-2.898,-5.445,4.496,-1.166,6.402,1.085,9.601,1.333,6.415,1.203,9.589
362.639,100.0,50.0,3.268,7.242,30.812,89.562,-2.414,-10.414,-48.594,-92.625,-0.630,4.012,32.739,97.398,1.060,-6.332,-48.469,-100.068,-5.559,3.488,8.391,-4.242,4.441,-2.789,-5.309,4.391,-1.168,6.397,1.082,9.601,1.335,6.415,1.203,9.590
362.741,100.0,50.0,3.273,7.234,30.812,89.562,-2.410,-10.406,-48.594,-92.625,-0.630,4.012,32.739,97.398,1.060,-6.332,-48.469,-100.068,-5.750,3.662,8.258,-4.238,4.672,-2.797,-5.281,4.383,-1.166,6.400,1.084,9.601,1.337,6.419,1.206,9.590
362.841,100.0,50.0,3.264,7.230,30.812,89.562,-2.414,-10.406,-48.594,-92.625,-0.630,4.012,32.739,97.398,1.060,-6.332,-48.469,-100.068,-5.668,3.604,8.375,-4.223,4.637,-3.023,-5.305,4.281,-1.170,6.402,1.085,9.601,1.335,6.419,1.206,9.590
362.943,100.0,50.0,3.268,7.238,30.812,89.562,-2.416,-10.414,-48.594,-92.625,-0.630,4.012,32.739,97.398,1.060,-6.332,-48.469,-100.068,-5.613,3.627,8.312,-4.195,4.543,-2.990,-5.480,4.395,-1.168,6.398,1.083,9.601,1.334,6.415,1.203,9.590
363.043,100.0,50.0,3.268,7.238,30.812,89.562,-2.414,-10.406,-48.594,-92.625,-0.630,4.012,32.739,97.398,1.060,-6.332,-48.469,-100.068,-5.785,3.502,8.383,-4.191,4.754,-2.883,-5.414,4.352,-1.168,6.398,1.083,9.601,1.335,6.419,1.206,9.590
363.145,100.0,50.0,3.268,7.246,30.812,89.562,-2.410,-10.406,-48.594,-92.625,-0.630,4.012,32.739,97.398,1.060,-6.332,-48.469,-100.068,-5.750,3.543,8.336,-4.250,4.664,-2.795,-5.344,4.375,-1.168,6.395,1.080,9.600,1.337,6.419,1.206,9.590
363.247,100.0,50.0,3.268,7.238,30.812,89.562,-2.410,-10.414,-48.594,-92.625,-0.630,4.012,32.739,97.398,1.060,-6.332,-48.469,-100.068,-5.660,3.510,8.398,-4.258,4.664,-2.885,-5.449,4.391,-1.168,6.398,1.083,9.601,1.337,6.415,1.203,9.590
363.349,100.0,50.0,3.268,7.238,30.812,89.562,-2.406,-10.406,-48.594,-92.625,-0.630,4.012,32.739,97.398,1.060,-6.332,-48.469,-100.068,-5.562,3.607,8.227,-4.129,4.969,-2.840,-5.516,4.352,-1.168,6.398,1.083,9.601,1.339,6.419,1.206,9.590
363.451,100.0,50.0,3.268,7.230,30.812,89.562,-2.414,-10.414,-48.594,-92.625,-0.630,4.012,32.739,97.398,1.060,-6.332,-48.469,-100.068,-5.488,3.594,8.289,-4.211,4.766,-2.902,-5.395,4.359,-1.168,6.402,1.085,9.601,1.335,6.415,1.203,9.590
363.553,100.0,50.0,3.275,7.234,30.812,89.562,-2.414,-10.406,-48.594,-92.625,-0.630,4.012,32.739,97.398,1.060,-6.332,-48.469,-100.068,-5.520,3.711,8.328,-4.191,4.582,-2.875,-5.477,4.398,-1.165,6.400,1.084,9.601,1.335,6.419,1.206,9.590
363.653,100.0,50.0,3.268,7.234,30.812,89.562,-2.414,-10.414,-48.594,-92.625,-0.630,4.012,32.739,97.398,1.060,-6.332,-48.469,-100.068,-5.855,3.525,8.344,-4.148,4.672,-2.887,-5.566,4.473,-1.168,6.400,1.084,9.601,1.335,6.415,1.203,9.590
363.755,100.0,50.0,3.264,7.234,30.812,89.562,-2.416,-10.406,-48.594,-92.625,-0.630,4.012,32.739,97.398,1.060,-6.332,-48.469,-100.068,-5.668,3.551,8.367,-4.293,4.734,-2.842,-5.402,4.312,-1.170,6.400,1.084,9.601,1.335,6.419,1.206,9.590
363.855,100.0,50.0,3.264,7.238,30.812,89.562,-2.420,-10.414,-48.594,-92.625,-0.630,4.012,32.739,97.398,1.060,-6.332,-48.469,-100.068,-5.508,3.547,8.344,-4.184,4.805,-2.840,-5.391,4.410,-1.170,6.398,1.083,9.601,1.333,6.415,1.203,9.589
363.957,100.0,50.0,3.273,7.234,30.812,89.562,-2.426,-10.414,-48.594,-92.625,-0.630,4.012,32.739,97.398,1.060,-6.332,-48.469,-100.068,-5.699,3.662,8.383,-4.176,4.516,-2.828,-5.301,4.418,-1.166,6.400,1.084,9.601,1.330,6.415,1.203,9.589
364.057,100.0,50.0,3.273,7.234,30.812,89.562,-2.426,-10.406,-48.594,-92.625,-0.630,4.012,32.739,97.398,1.060,-6.332,-48.469,-100.068,-5.656,3.596,8.391,-4.168,4.602,-2.781,-5.395,4.414,-1.166,6.400,1.084,9.601,1.330,6.419,1.206,9.590
364.157,100.0,50.0,3.270,7.246,30.797,89.562,-2.410,-10.414,-48.594,-92.625,-0.630,4.012,32.739,97.398,1.060,-6.332,-48.469,-100.068,-5.711,3.537,8.336,-4.172,4.766,-2.852,-5.375,4.445,-1.168,6.392,1.077,9.600,1.337,6.415,1.203,9.590
364.257,100.0,50.0,3.260,7.234,30.812,89.562,-2.400,-10.414,-48.594,-92.625,-0.630,4.012,32.739,97.398,1.060,-6.332,-48.469,-100.068,-5.625,3.529,8.328,-4.246,4.699,-2.869,-5.336,4.438,-1.172,6.400,1.084,9.601,1.342,6.415,1.203,9.590
364.359,100.0,50.0,3.268,7.238,30.812,89.562,-2.416,-10.414,-48.594,-92.625,-0.630,4.012,32.739,97.398,1.060,-6.332,-48.469,-100.068,-5.586,3.635,8.539,-4.176,4.785,-2.783,-5.480,4.324,-1.168,6.398,1.083,9.601,1.334,6.415,1.203,9.590
364.461,100.0,50.0,3.268,7.230,30.828,89.562,-2.420,-10.414,-48.594,-92.625,-0.630,4.012,32.739,97.398,1.060,-6.332,-48.469,-100.068,-5.707,3.584,8.375,-4.191,4.719,-2.891,-5.406,4.344,-1.168,6.405,1.088,9.601,1.333,6.415,1.203,9.589
364.561,100.0,50.0,3.275,7.238,30.812,89.562,-2.414,-10.414,-48.594,-92.625,-0.630,4.012,32.739,97.398,1.060,-6.332,-48.469,-100.068,-5.652,3.570,8.312,-4.266,4.805,-2.805,-5.309,4.426,-1.165,6.398,1.083,9.601,1.335,6.415,1.203,9.590
364.663,100.0,50.0,3.260,7.234,30.797,89.562,-2.416,-10.406,-48.594,-92.625,-0.630,4.012,32.739,97.398,1.060,-6.332,-48.469,-100.068,-5.609,3.697,8.391,-4.215,4.773,-2.812,-5.293,4.336,-1.172,6.398,1.081,9.601,1.335,6.419,1.206,9.590
364.765,100.0,50.0,3.270,7.238,30.828,89.562,-2.410,-10.422,-48.594,-92.625,-0.630,4.012,32.739,97.398,1.060,-6.332,-48.469,-100.068,-5.605,3.664,8.414,-4.180,4.742,-2.742,-5.457,4.430,-1.167,6.401,1.086,9.601,1.337,6.412,1.201,9.589
364.867,100.0,50.0,3.270,7.230,30.812,89.562,-2.410,-10.422,-48.594,-92.625,-0.630,4.012,32.739,97.398,1.060,-6.332,-48.469,-100.068,-5.664,3.533,8.414,-4.230,4.668,-2.895,-5.551,4.402,-1.168,6.402,1.085,9.601,1.337,6.412,1.201,9.589
364.967,100.0,50.0,3.270,7.230,30.812,89.562,-2.404,-10.414,-48.594,-92.625,-0.630,4.012,32.739,97.398,1.060,-6.332,-48.469,-100.068,-5.566,3.729,8.445,-4.234,4.770,-2.955,-5.398,4.379,-1.168,6.402,1.085,9.601,1.340,6.415,1.203,9.590
365.067,100.0,50.0,3.270,7.238,30.812,89.562,-2.420,-10.414,-48.594,-92.625,-0.630,4.012,32.739,97.398,1.060,-6.332,-48.469,-100.068,-5.480,3.646,8.422,-4.184,4.473,-2.803,-5.441,4.387,-1.167,6.398,1.083,9.601,1.333,6.415,1.203,9.589
365.169,100.0,50.0,3.270,7.227,30.812,89.562,-2.416,-10.414,-48.594,-92.625,-0.630,4.012,32.739,97.398,1.060,-6.332,-48.469,-100.068,-5.676,3.473,8.352,-4.168,4.875,-2.762,-5.449,4.391,-1.168,6.404,1.086,9.601,1.334,6.415,1.203,9.590
365.269,100.0,50.0,3.268,7.211,30.812,89.562,-2.420,-10.414,-48.594,-92.625,-0.630,4.012,32.739,97.398,1.060,-6.332,-48.469,-100.068,-5.508,3.527,8.281,-4.156,4.664,-2.922,-5.371,4.457,-1.169,6.411,1.091,9.601,1.333,6.415,1.203,9.589
365.371,100.0,50.0,3.268,7.199,30.812,89.562,-2.416,-10.398,-48.594,-92.625,-0.630,4.012,32.739,97.398,1.060,-6.332,-48.469,-100.068,-5.773,3.686,8.438,-4.102,4.602,-2.848,-5.379,4.352,-1.169,6.416,1.095,9.602,1.335,6.422,1.208,9.590
365.471,100.0,50.0,3.270,7.109,30.797,89.562,-2.414,-10.312,-48.594,-92.625,-0.630,4.012,32.739,97.398,1.060,-6.332,-48.469,-100.068,-5.660,3.986,8.242,-4.227,4.793,-3.295,-5.504,4.344,-1.169,6.454,1.119,9.604,1.336,6.462,1.235,9.593
365.573,100.0,50.0,3.264,6.270,30.828,89.562,-2.398,-9.070,-48.281,-92.562,-0.630,4.012,32.739,97.398,1.060,-6.332,-48.469,-100.068,-5.516,5.543,8.195,-4.145,4.586,-5.758,-5.809,4.352,-1.179,6.840,1.382,9.627,1.355,6.977,1.560,9.626
365.675,100.0,50.0,3.223,5.500,30.953,89.562,-2.391,-7.668,-47.531,-92.125,-0.630,4.012,32.739,97.398,1.060,-6.332,-48.469,-100.068,-5.391,6.113,7.805,-4.281,4.633,-6.836,-6.996,3.975,-1.205,7.209,1.640,9.647,1.371,7.478,1.842,9.653
365.777,100.0,50.0,3.203,5.508,31.125,89.562,-2.389,-7.316,-46.750,-91.812,-0.630,4.012,32.739,97.398,1.060,-6.332,-48.469,-100.068,-5.660,5.938,7.586,-4.203,4.535,-6.750,-7.922,4.023,-1.213,7.235,1.670,9.647,1.377,7.499,1.798,9.655
365.879,100.0,50.0,3.213,5.672,31.219,89.562,-2.398,-7.480,-46.531,-91.812,-0.630,4.012,32.739,97.398,1.060,-6.332,-48.469,-100.068,-5.602,5.500,7.289,-4.223,4.734,-6.035,-8.008,4.023,-1.206,7.176,1.637,9.643,1.372,7.389,1.707,9.651
365.979,100.0,50.0,3.227,6.129,31.000,89.750,-2.400,-8.273,-46.969,-91.938,-0.630,4.012,32.739,97.398,1.060,-6.332,-48.469,-100.068,-5.621,4.520,8.070,-4.547,4.625,-4.750,-6.957,4.160,-1.199,6.937,1.461,9.635,1.363,7.106,1.547,9.634
366.079,100.0,50.0,3.238,6.434,30.562,90.000,-2.400,-9.062,-47.375,-92.312,-0.630,4.012,32.739,97.398,1.060,-6.332,-48.469,-100.068,-5.543,4.613,8.891,-4.453,4.457,-4.164,-6.867,4.434,-1.197,6.733,1.295,9.633,1.358,6.824,1.389,9.621
366.179,100.0,50.0,3.236,6.414,30.375,90.188,-2.389,-9.211,-47.656,-92.812,-0.630,4.012,32.739,97.398,1.060,-6.332,-48.469,-100.068,-5.508,4.633,8.883,-4.633,4.637,-4.336,-6.559,4.621,-1.202,6.716,1.272,9.637,1.365,6.815,1.409,9.628
366.281,100.0,50.0,3.242,6.332,30.312,90.500,-2.395,-9.180,-47.656,-93.125,-0.630,4.012,32.739,97.398,1.060,-6.332,-48.469,-100.068,-5.617,4.875,9.125,-4.738,4.879,-4.445,-6.664,4.734,-1.204,6.749,1.293,9.645,1.366,6.837,1.426,9.636
366.381,100.0,50.0,3.211,5.699,30.359,90.562,-2.375,-8.141,-47.250,-93.125,-0.630,4.012,32.739,97.398,1.060,-6.332,-48.469,-100.068,-5.500,6.172,8.797,-4.797,4.438,-6.582,-7.621,4.652,-1.225,7.042,1.494,9.661,1.387,7.239,1.669,9.661
366.483,100.0,50.0,3.154,4.812,30.484,90.500,-2.363,-6.828,-46.438,-92.812,-0.630,4.012,32.739,97.398,1.060,-6.332,-48.469,-100.068,-5.531,7.250,8.312,-4.727,4.664,-7.895,-8.398,4.379,-1.259,7.459,1.783,9.679,1.406,7.686,1.910,9.683
366.585,100.0,50.0,3.145,4.637,30.703,90.500,-2.379,-6.359,-45.938,-92.500,-0.630,4.012,32.739,97.398,1.060,-6.332,-48.469,-100.068,-5.281,6.930,7.934,-4.816,4.508,-7.715,-8.664,4.562,-1.264,7.574,1.877,9.683,1.402,7.805,1.953,9.687
366.685,100.0,50.0,3.172,4.941,30.734,90.500,-2.375,-6.727,-46.000,-92.562,-0.630,4.012,32.739,97.398,1.060,-6.332,-48.469,-100.068,-5.355,6.172,8.094,-4.766,4.629,-6.727,-8.445,4.496,-1.247,7.443,1.791,9.677,1.401,7.653,1.855,9.681
366.787,100.0,50.0,3.203,5.809,30.672,90.750,-2.389,-7.992,-46.562,-92.750,-0.630,4.012,32.739,97.398,1.060,-6.332,-48.469,-100.068,-5.363,4.848,8.312,-5.020,4.695,-4.902,-7.707,4.629,-1.227,7.049,1.522,9.662,1.382,7.183,1.579,9.657
366.887,100.0,50.0,3.211,6.375,30.531,91.188,-2.383,-8.828,-47.094,-93.188,-0.630,4.012,32.739,97.398,1.060,-6.332,-48.469,-100.068,-5.414,4.797,8.688,-5.250,4.562,-4.527,-7.262,4.840,-1.225,6.781,1.336,9.658,1.379,6.904,1.432,9.646
366.989,100.0,50.0,3.207,6.270,30.344,91.250,-2.383,-8.750,-47.125,-93.500,-0.630,4.012,32.739,97.398,1.060,-6.332,-48.469,-100.068,-5.355,4.953,8.977,-5.125,4.598,-5.262,-7.449,4.918,-1.230,6.798,1.335,9.661,1.382,6.952,1.469,9.654
367.091,100.0,50.0,3.172,5.531,30.344,91.188,-2.363,-7.527,-46.406,-93.375,-0.630,4.012,32.739,97.398,1.060,-6.332,-48.469,-100.068,-5.355,6.668,8.852,-5.043,4.898,-7.473,-8.883,4.664,-1.253,7.127,1.555,9.676,1.405,7.378,1.704,9.679
367.191,100.0,50.0,3.100,4.469,30.562,91.000,-2.357,-5.852,-45.250,-92.438,-0.630,4.012,32.739,97.398,1.060,-6.332,-48.469,-100.068,-5.152,7.754,7.973,-4.797,4.461,-9.180,-10.156,4.125,-1.294,7.634,1.911,9.694,1.421,7.914,1.977,9.695
367.291,100.0,50.0,3.076,3.889,30.984,90.562,-2.369,-4.832,-44.875,-91.562,-0.630,4.012,32.739,97.398,1.060,-6.332,-48.469,-100.068,-5.109,8.227,7.297,-4.707,4.414,-9.906,-9.977,3.725,-1.303,7.956,2.157,9.698,1.418,8.289,2.199,9.700
367.391,100.0,50.0,3.100,4.047,31.266,90.562,-2.369,-5.059,-45.094,-91.375,-0.630,4.012,32.739,97.398,1.060,-6.332,-48.469,-100.068,-5.227,7.547,7.168,-4.754,4.547,-8.656,-9.359,3.799,-1.288,7.933,2.162,9.695,1.413,8.222,2.169,9.694
367.491,100.0,50.0,3.133,5.305,31.188,90.750,-2.383,-6.832,-46.000,-92.000,-0.630,4.012,32.739,97.398,1.060,-6.332,-48.469,-100.068,-5.289,5.312,7.441,-5.062,4.797,-5.801,-8.062,4.383,-1.263,7.361,1.770,9.674,1.391,7.595,1.811,9.669
367.591,100.0,50.0,3.141,6.504,30.609,91.312,-2.395,-8.773,-46.750,-93.188,-0.630,4.012,32.739,97.398,1.060,-6.332,-48.469,-100.068,-5.258,4.172,9.000,-5.270,4.410,-3.889,-7.621,5.062,-1.259,6.739,1.314,9.658,1.376,6.872,1.386,9.647
367.693,100.0,50.0,3.145,6.570,30.062,91.750,-2.383,-9.383,-47.344,-94.312,-0.630,4.012,32.739,97.398,1.060,-6.332,-48.469,-100.068,-5.184,4.445,9.508,-5.555,4.574,-3.918,-6.922,5.789,-1.266,6.628,1.205,9.665,1.384,6.720,1.337,9.655
367.793,100.0,50.0,3.141,6.574,29.953,92.125,-2.375,-9.422,-47.469,-94.812,-0.630,4.012,32.739,97.398,1.060,-6.332,-48.469,-100.068,-5.223,4.332,9.570,-5.809,4.539,-4.008,-6.910,5.793,-1.273,6.616,1.192,9.671,1.392,6.734,1.360,9.664
367.893,100.0,50.0,3.135,6.629,29.984,92.500,-2.365,-9.414,-47.438,-95.188,-0.630,4.012,32.739,97.398,1.060,-6.332,-48.469,-100.068,-5.430,4.301,9.523,-5.781,4.777,-3.961,-7.055,6.016,-1.279,6.604,1.189,9.677,1.400,6.739,1.365,9.671
367.995,100.0,50.0,3.129,6.695,29.984,92.562,-2.375,-9.406,-47.250,-95.500,-0.630,4.012,32.739,97.398,1.060,-6.332,-48.469,-100.068,-5.164,4.305,9.641,-5.871,4.824,-4.090,-7.383,6.000,-1.282,6.575,1.171,9.676,1.400,6.718,1.339,9.676
368.097,100.0,50.0,3.123,6.547,30.031,92.562,-2.379,-9.078,-47.094,-95.438,-0.630,4.012,32.739,97.398,1.060,-6.332,-48.469,-100.068,-5.469,4.383,9.445,-5.828,4.383,-4.832,-7.441,5.887,-1.286,6.649,1.223,9.679,1.401,6.838,1.407,9.682
368.197,100.0,50.0,3.133,6.371,30.172,92.562,-2.379,-8.758,-47.031,-95.438,-0.630,4.012,32.739,97.398,1.060,-6.332,-48.469,-100.068,-5.121,4.711,9.180,-5.785,4.441,-4.812,-7.496,5.922,-1.281,6.750,1.301,9.683,1.404,6.970,1.491,9.688
368.299,100.0,50.0,3.135,6.441,30.094,92.812,-2.379,-8.992,-47.062,-95.562,-0.630,4.012,32.739,97.398,1.060,-6.332,-48.469,-100.068,-5.270,4.586,9.578,-6.188,4.652,-4.367,-7.543,6.070,-1.283,6.710,1.270,9.685,1.403,6.873,1.430,9.685
368.399,100.0,50.0,3.150,6.457,29.906,93.062,-2.379,-9.250,-47.188,-95.938,-0.630,4.012,32.739,97.398,1.060,-6.332,-48.469,-100.068,-5.355,4.625,9.609,-6.176,4.688,-4.168,-7.195,6.418,-1.280,6.677,1.236,9.688,1.404,6.785,1.383,9.687
368.501,100.0,50.0,3.148,6.484,29.875,93.375,-2.373,-9.266,-47.250,-96.250,-0.630,4.012,32.739,97.398,1.060,-6.332,-48.469,-100.068,-5.395,4.516,9.625,-6.359,4.375,-4.148,-7.262,6.445,-1.284,6.665,1.228,9.693,1.410,6.794,1.396,9.691
368.601,100.0,50.0,3.141,6.551,29.891,93.625,-2.365,-9.258,-47.250,-96.375,-0.630,4.012,32.739,97.398,1.060,-6.332,-48.469,-100.068,-5.383,4.398,9.625,-6.508,4.465,-4.289,-7.297,6.473,-1.290,6.642,1.216,9.695,1.415,6.800,1.400,9.693
368.703,100.0,50.0,3.141,6.559,29.891,93.688,-2.383,-9.273,-47.250,-96.500,-0.630,4.012,32.739,97.398,1.060,-6.332,-48.469,-100.068,-5.387,4.461,9.602,-6.504,4.652,-4.266,-7.172,6.586,-1.291,6.639,1.215,9.696,1.408,6.794,1.398,9.695
368.803,100.0,50.0,3.141,6.551,29.891,93.750,-2.359,-9.297,-47.250,-96.688,-0.630,4.012,32.739,97.398,1.060,-6.332,-48.469,-100.068,-5.285,4.297,9.633,-6.457,4.512,-4.168,-7.297,6.641,-1.291,6.644,1.218,9.697,1.420,6.787,1.394,9.697
368.905,100.0,50.0,3.150,6.559,29.891,93.812,-2.369,-9.289,-47.250,-96.688,-0.630,4.012,32.739,97.398,1.060,-6.332,-48.469,-100.068,-5.180,4.418,9.781,-6.473,4.758,-4.262,-7.211,6.664,-1.287,6.641,1.217,9.697,1.416,6.791,1.397,9.697
369.005,100.0,50.0,3.141,6.551,29.891,93.812,-2.369,-9.289,-47.250,-96.750,-0.630,4.012,32.739,97.398,1.060,-6.332,-48.469,-100.068,-5.320,4.441,9.633,-6.492,4.484,-4.191,-7.270,6.680,-1.292,6.645,1.219,9.698,1.416,6.792,1.398,9.698
369.107,100.0,50.0,3.139,6.551,29.891,93.812,-2.379,-9.297,-47.250,-96.750,-0.630,4.012,32.739,97.398,1.060,-6.332,-48.469,-100.068,-5.211,4.277,9.609,-6.707,4.773,-4.289,-7.316,6.730,-1.293,6.645,1.219,9.698,1.412,6.788,1.395,9.698
369.207,100.0,50.0,3.148,6.547,29.891,94.062,-2.369,-9.273,-47.250,-96.812,-0.630,4.012,32.739,97.398,1.060,-6.332,-48.469,-100.068,-5.578,4.426,9.539,-6.918,4.727,-4.352,-7.211,6.754,-1.291,6.650,1.224,9.701,1.417,6.799,1.403,9.699
369.309,100.0,50.0,3.145,6.562,29.891,94.562,-2.373,-9.211,-47.250,-97.125,-0.630,4.012,32.739,97.398,1.060,-6.332,-48.469,-100.068,-5.172,4.367,9.570,-7.348,4.766,-4.352,-7.383,6.965,-1.298,6.650,1.228,9.707,1.419,6.832,1.427,9.704
369.411,100.0,50.0,3.145,6.578,29.891,95.312,-2.375,-9.211,-47.219,-97.625,-0.630,4.012,32.739,97.398,1.060,-6.332,-48.469,-100.068,-5.355,4.480,9.688,-7.684,4.547,-4.262,-7.320,7.234,-1.307,6.653,1.234,9.715,1.423,6.834,1.429,9.711
369.511,100.0,50.0,3.170,6.695,29.891,96.000,-2.385,-9.227,-47.219,-98.062,-0.630,4.012,32.739,97.398,1.060,-6.332,-48.469,-100.068,-5.281,4.246,9.578,-7.773,4.547,-4.312,-7.227,7.383,-1.301,6.609,1.209,9.721,1.423,6.832,1.431,9.716
369.611,100.0,50.0,3.195,6.754,29.891,96.188,-2.389,-9.219,-47.219,-98.250,-0.630,4.012,32.739,97.398,1.060,-6.332,-48.469,-100.068,-5.258,4.086,9.789,-7.816,4.566,-4.289,-7.215,7.473,-1.291,6.585,1.194,9.721,1.423,6.838,1.435,9.718
369.713,100.0,50.0,3.203,6.754,29.875,96.125,-2.385,-9.242,-47.219,-98.250,-0.630,4.012,32.739,97.398,1.060,-6.332,-48.469,-100.068,-5.453,4.219,9.727,-7.816,4.562,-4.309,-7.199,7.469,-1.286,6.582,1.190,9.721,1.425,6.828,1.429,9.717
369.928,100.0,50.0,3.203,6.746,29.875,96.125,-2.400,-9.242,-47.250,-98.250,-0.630,4.012,32.739,97.398,1.060,-6.332,-48.469,-100.068,-5.535,4.180,9.680,-7.793,4.953,-4.277,-7.129,7.387,-1.287,6.586,1.193,9.721,1.417,6.833,1.434,9.717
370.030,100.0,50.0,3.203,6.746,29.875,96.125,-2.400,-9.242,-47.250,-98.250,-0.630,4.012,32.739,97.398,1.060,-6.332,-48.469,-100.068,-5.535,4.180,9.680,-7.793,4.953,-4.277,-7.129,7.387,-1.287,6.586,1.193,9.721,1.417,6.833,1.434,9.717
370.131,100.0,50.0,3.203,6.746,29.875,96.125,-2.400,-9.242,-47.250,-98.250,-0.630,4.012,32.739,97.398,1.060,-6.332,-48.469,-100.068,-5.535,4.180,9.680,-7.793,4.953,-4.277,-7.129,7.387,-1.287,6.586,1.193,9.721,1.417,6.833,1.434,9.717
370.233,100.0,50.0,3.203,6.746,29.875,96.125,-2.400,-9.242,-47.250,-98.250,-0.630,4.012,32.739,97.398,1.060,-6.332,-48.469,-100.068,-5.535,4.180,9.680,-7.793,4.953,-4.277,-7.129,7.387,-1.287,6.586,1.193,9.721,1.417,6.833,1.434,9.717
370.335,100.0,50.0,3.203,6.746,29.875,96.125,-2.400,-9.242,-47.250,-98.250,-0.630,4.012,32.739,97.398,1.060,-6.332,-48.469,-100.068,-5.535,4.180,9.680,-7.793,4.953,-4.277,-7.129,7.387,-1.287,6.586,1.193,9.721,1.417,6.833,1.434,9.717
