t,q0,q1,q2,q3,q4,q5,q6,q7,tau0,tau1,tau2,tau3,tau4,tau5,tau6,tau7,dq0,dq1,dq2,dq3,dq4,dq5,dq6,dq7
0.0,-1.36,3.56,-22.12,-64.41,1.37,3.65,-22.0,-65.64,4.629,0.056,-6.667,4.355,-4.801,0.092,-5.927,5.991,-0.93,-2.27,-0.22,-1.41,2.05,-2.35,2.99,-5.54
0.051,-1.36,3.57,-22.12,-64.41,1.36,3.67,-22.0,-65.64,4.895,0.128,-6.758,4.275,-4.98,0.048,-5.755,6.028,-2.02,1.72,-0.74,-2.36,-0.98,3.14,-0.5,2.03
0.102,-1.36,3.57,-22.12,-64.41,1.37,3.67,-22.0,-65.64,4.547,0.194,-6.718,4.315,-4.859,0.049,-5.852,5.972,0.91,0.21,1.79,-1.93,1.94,4.71,-0.18,1.57
0.152,-1.36,3.56,-22.12,-64.41,1.36,3.66,-22.0,-65.64,4.633,0.273,-6.708,4.378,-4.762,0.029,-5.855,5.981,-0.18,-2.21,1.8,-1.74,0.22,0.46,0.72,-0.54
0.203,-1.36,3.57,-22.12,-64.41,1.36,3.66,-22.0,-65.64,4.895,0.327,-6.669,4.329,-4.695,-0.1,-5.748,6.117,0.26,1.36,0.22,-1.15,-2.01,-0.03,0.22,-0.8
0.254,-1.36,3.56,-22.12,-64.41,1.36,3.66,-22.0,-65.64,4.582,0.195,-6.766,4.366,-4.68,0.062,-5.728,6.061,1.15,-1.96,0.44,-1.72,1.5,-1.12,-1.07,-1.37
0.304,-1.37,3.56,-22.12,-64.41,1.36,3.65,-22.0,-65.64,4.633,0.16,-6.714,4.296,-4.871,0.023,-6.043,5.869,-3.25,-1.17,-0.75,0.43,0.46,-2.37,1.69,-5.16
0.355,-1.36,3.57,-22.12,-64.41,1.36,3.66,-22.0,-65.64,4.473,0.164,-6.764,4.205,-4.777,-0.022,-5.842,6.0,0.51,2.24,-1.67,4.17,0.22,0.8,0.61,-1.46
0.405,-1.36,3.55,-22.12,-64.41,1.38,3.66,-22.0,-65.64,4.668,0.317,-6.601,4.303,-5.047,0.059,-5.691,6.122,-0.97,-4.22,-0.28,2.39,5.63,-1.14,0.79,0.87
0.456,-1.36,3.56,-22.12,-64.41,1.36,3.66,-22.0,-65.64,4.82,0.104,-6.816,4.259,-4.855,0.026,-5.665,6.066,2.46,-1.44,0.61,-3.28,-1.83,0.91,-0.98,2.0
0.507,-1.36,3.56,-22.12,-64.41,1.36,3.67,-22.0,-65.64,4.805,0.21,-6.607,4.291,-4.715,-0.054,-5.875,5.991,2.49,-3.49,0.53,0.74,0.35,4.38,-1.46,2.77
0.557,-1.37,3.57,-22.12,-64.41,1.36,3.66,-22.0,-65.64,4.93,0.214,-6.776,4.334,-4.484,0.012,-5.551,5.986,-2.99,3.19,-0.93,1.03,-0.62,-1.58,-2.48,2.46
0.607,-1.36,3.56,-22.12,-64.41,1.36,3.66,-22.0,-65.64,4.594,0.203,-6.639,4.441,-4.656,0.1,-5.77,6.042,0.56,-1.07,1.58,-3.98,0.23,-1.0,2.78,-2.96
0.658,-1.36,3.56,-22.12,-64.41,1.36,3.66,-22.0,-65.64,4.812,0.326,-6.734,4.388,-4.68,0.049,-5.673,6.145,0.69,-0.32,-0.58,2.11,-1.27,0.82,1.14,1.2
0.709,-1.36,3.56,-22.12,-64.41,1.35,3.66,-22.0,-65.64,4.652,0.209,-6.638,4.355,-4.734,0.19,-5.852,6.019,0.85,-2.72,0.53,0.9,-6.92,2.12,-1.69,1.9
0.759,-1.36,3.57,-22.12,-64.41,1.36,3.65,-22.0,-65.64,4.637,0.209,-6.615,4.301,-4.656,0.066,-5.616,6.103,1.09,2.29,0.44,-1.33,-2.21,-2.04,2.13,-2.67
0.809,-1.36,3.57,-22.13,-64.4,1.36,3.66,-22.0,-65.64,4.691,0.102,-6.759,4.233,-4.656,-0.038,-5.882,6.112,-2.6,1.67,-3.51,5.37,0.01,-1.6,-1.34,4.31
0.86,-1.37,3.56,-22.12,-64.41,1.35,3.66,-22.0,-65.64,4.629,0.28,-6.48,4.348,-4.691,0.04,-5.637,6.047,-2.87,-1.91,-1.14,3.14,-4.91,0.32,-0.87,-2.53
0.91,-1.36,3.57,-22.12,-64.41,1.36,3.67,-22.0,-65.64,4.879,0.085,-6.867,4.312,-4.598,0.034,-5.79,5.981,-0.09,0.98,-2.0,2.04,-1.2,2.58,-2.45,4.5
0.961,-1.36,3.56,-22.12,-64.41,1.35,3.66,-22.0,-65.64,4.723,0.129,-6.763,4.364,-4.547,0.052,-6.094,6.023,-1.28,-1.05,0.42,-2.04,-5.88,0.69,0.72,-2.05
1.011,-1.36,3.56,-22.12,-64.41,1.36,3.65,-22.0,-65.64,4.707,0.274,-6.598,4.289,-4.723,-0.003,-5.87,5.902,1.48,-2.44,1.07,-1.1,-2.58,-2.98,0.31,1.43
1.062,-1.36,3.57,-22.12,-64.41,1.37,3.66,-22.0,-65.64,4.48,0.215,-6.63,4.397,-4.621,0.061,-5.991,5.892,0.7,1.05,-0.66,1.89,2.86,-1.36,-0.28,0.11
1.112,-1.36,3.56,-22.12,-64.41,1.36,3.66,-22.0,-65.64,4.539,0.207,-6.887,4.24,-4.812,0.125,-5.804,5.944,0.54,-1.03,-0.52,1.08,-1.56,-0.92,-2.04,4.53
1.163,-1.36,3.57,-22.12,-64.41,1.35,3.66,-22.0,-65.64,4.641,0.3,-6.832,4.266,-4.707,0.073,-5.539,5.962,-2.04,2.75,1.11,-6.02,-5.39,0.13,1.42,0.81
1.213,-1.36,3.56,-22.12,-64.41,1.37,3.66,-22.0,-65.64,4.918,0.24,-6.777,4.409,-4.875,-0.025,-5.756,6.056,-0.3,-2.31,-1.78,0.26,0.89,-1.23,1.64,-0.01
1.264,-1.36,3.57,-22.12,-64.41,1.36,3.66,-22.0,-65.64,4.906,0.17,-6.932,4.23,-4.781,-0.04,-5.636,6.042,1.01,2.15,-0.38,-1.19,-1.19,1.41,1.0,0.6
1.314,-1.36,3.56,-22.12,-64.41,1.36,3.66,-22.0,-65.64,4.492,0.251,-6.881,4.322,-4.637,0.015,-5.873,5.986,2.28,-2.29,1.32,-2.62,-0.07,0.55,0.88,-1.66
1.365,-1.36,3.56,-22.12,-64.41,1.36,3.66,-22.0,-65.64,4.574,0.195,-6.86,4.378,-4.652,0.047,-5.75,6.08,2.33,-2.15,0.28,0.58,0.71,-0.88,-0.04,1.13
1.416,-1.36,3.56,-22.12,-64.41,1.35,3.66,-22.0,-65.64,4.605,0.256,-6.676,4.345,-4.84,0.116,-5.896,5.911,-1.57,-0.97,-1.47,2.57,-5.25,-0.61,1.71,-3.02
1.467,-1.37,3.57,-22.12,-64.41,1.36,3.66,-22.0,-65.64,4.816,0.136,-6.423,4.47,-4.828,0.029,-5.753,5.972,-4.68,0.45,-0.75,0.95,0.86,-1.24,-0.31,0.12
1.517,-1.36,3.56,-22.12,-64.41,1.35,3.65,-22.0,-65.64,4.652,0.265,-6.933,4.317,-4.688,0.087,-5.879,6.009,0.7,-1.02,-0.93,0.61,-3.14,-2.42,2.43,-2.89
1.568,-1.36,3.56,-22.12,-64.41,1.36,3.66,-22.0,-65.64,4.598,0.283,-6.898,4.235,-5.082,0.124,-5.477,6.042,0.78,-0.33,1.98,-4.5,-1.36,0.99,0.2,-2.31
1.618,-1.35,3.56,-22.12,-64.41,1.37,3.66,-22.0,-65.64,4.617,0.188,-6.73,4.327,-4.789,0.048,-5.905,5.972,3.6,-1.78,-0.01,2.41,1.71,0.31,-1.19,2.02
1.669,-1.36,3.56,-22.12,-64.41,1.37,3.66,-22.0,-65.64,4.676,0.202,-6.798,4.329,-4.66,-0.08,-5.762,6.103,0.71,-2.08,-0.83,1.68,2.35,-1.77,1.44,-1.16
1.719,-1.37,3.57,-22.12,-64.41,1.36,3.66,-22.0,-65.64,5.07,0.161,-6.711,4.228,-4.766,0.1,-5.382,5.92,-3.03,0.72,-1.42,-2.8,0.73,1.97,-2.14,4.56
1.77,-1.36,3.56,-22.12,-64.41,1.37,3.66,-22.0,-65.64,4.727,0.154,-6.734,4.329,-4.316,0.092,-6.016,5.972,1.56,-2.2,1.35,-1.25,4.41,0.64,-1.01,-0.42
1.82,-1.37,3.57,-22.12,-64.41,1.37,3.66,-22.0,-65.64,4.68,0.263,-6.436,4.427,-4.762,0.032,-5.925,5.888,-4.23,2.0,-0.38,1.58,1.52,-1.37,-1.71,3.0
1.871,-1.36,3.55,-22.11,-64.42,1.36,3.66,-22.0,-65.64,4.652,0.201,-6.846,4.439,-4.699,0.05,-5.889,5.953,2.87,-6.02,2.04,-1.87,-2.89,0.74,1.05,-1.1
1.922,-1.36,3.55,-22.11,-64.42,1.36,3.66,-22.0,-65.64,4.652,0.201,-6.846,4.439,-4.699,0.05,-5.889,5.953,2.87,-6.02,2.04,-1.87,-2.89,0.74,1.05,-1.1
1.972,-1.36,3.57,-22.11,-64.42,1.36,3.66,-22.0,-65.64,4.562,0.202,-6.696,4.308,-4.602,-0.066,-5.87,5.948,2.06,2.26,3.2,-0.27,-1.93,-1.51,-1.04,-2.52
2.023,-1.36,3.56,-22.12,-64.41,1.37,3.65,-22.0,-65.64,4.914,0.15,-6.887,4.275,-4.711,0.044,-5.793,6.014,3.26,-2.94,-0.66,0.66,1.58,-5.42,-0.14,-2.4
2.074,-1.36,3.56,-22.12,-64.41,1.36,3.65,-22.0,-65.64,4.793,0.214,-6.575,4.399,-4.727,0.075,-5.787,5.944,-1.8,-2.51,0.89,-3.52,-3.17,-2.61,0.32,0.73
2.124,-1.36,3.57,-22.12,-64.41,1.36,3.67,-22.0,-65.64,4.719,0.274,-6.731,4.191,-4.773,0.14,-5.572,6.164,-0.68,3.78,-0.13,0.96,-2.63,5.05,1.72,-3.71
2.175,-1.36,3.57,-22.12,-64.41,1.37,3.66,-22.0,-65.64,4.656,0.3,-6.626,4.366,-4.871,0.077,-5.882,5.972,-1.16,1.18,0.94,-1.33,3.27,0.75,-0.09,2.41
2.226,-1.36,3.56,-22.12,-64.41,1.35,3.66,-22.0,-65.64,4.609,0.245,-6.7,4.345,-4.77,0.068,-5.978,5.911,-2.48,-0.96,-0.2,-0.33,-3.28,0.35,1.17,-2.87
2.276,-1.36,3.56,-22.12,-64.41,1.37,3.66,-22.0,-65.64,4.938,0.261,-6.882,4.268,-4.875,0.119,-5.745,5.962,2.92,-0.17,-1.51,0.56,1.88,-1.3,-1.25,2.68
2.327,-1.36,3.56,-22.11,-64.42,1.37,3.66,-22.0,-65.64,4.664,0.239,-6.778,4.437,-4.965,-0.125,-5.534,6.103,-2.03,-1.08,2.23,0.05,1.46,-0.15,1.49,-1.58
2.377,-1.36,3.56,-22.12,-64.41,1.37,3.66,-22.0,-65.64,4.492,0.24,-6.899,4.334,-5.02,0.287,-5.721,6.009,0.18,-2.27,1.42,-1.62,1.11,1.17,0.87,-0.15
2.428,-1.36,3.56,-22.12,-64.41,1.37,3.66,-22.0,-65.64,4.652,0.134,-6.751,4.364,-4.898,0.059,-5.679,5.981,0.45,-4.04,0.89,0.25,2.32,2.03,-1.05,3.04
2.478,-1.36,3.57,-22.12,-64.41,1.37,3.66,-22.0,-65.64,4.578,0.148,-6.788,4.357,-4.891,-0.039,-5.645,6.22,-0.42,2.14,0.74,-1.8,1.46,1.48,-0.76,-1.27
2.529,-1.36,3.57,-22.12,-64.41,1.37,3.67,-22.0,-65.64,4.762,0.164,-6.645,4.371,-4.82,0.102,-5.886,5.991,-0.77,1.99,-1.63,4.19,3.38,3.63,0.22,-2.71
2.579,-1.36,3.57,-22.12,-64.41,1.36,3.66,-22.0,-65.64,4.82,0.175,-6.736,4.42,-4.754,0.062,-5.882,6.042,-0.46,1.82,-0.78,-1.86,-2.52,-1.01,0.81,-2.67
2.63,-1.35,3.56,-22.12,-64.41,1.37,3.66,-22.0,-65.64,4.605,0.218,-6.495,4.38,-4.762,-0.018,-5.78,5.986,3.93,-3.63,0.43,-0.15,2.04,0.23,-0.37,0.83
2.68,-1.37,3.56,-22.12,-64.41,1.37,3.65,-22.0,-65.64,4.828,0.19,-6.761,4.413,-4.574,0.105,-5.494,6.037,-4.91,-2.66,0.61,-0.35,3.77,-4.12,-1.84,4.88
2.731,-1.36,3.57,-22.12,-64.41,1.36,3.66,-22.0,-65.64,4.711,0.091,-6.891,4.383,-4.465,0.014,-5.891,5.962,-0.73,1.7,-0.92,0.8,-1.47,1.74,0.1,-2.51
2.782,-1.36,3.57,-22.12,-64.41,1.37,3.65,-22.0,-65.64,4.797,0.2,-6.584,4.327,-4.594,0.081,-5.827,5.939,-1.91,0.69,0.26,-2.87,1.87,-3.7,0.1,1.03
2.833,-1.36,3.56,-22.12,-64.41,1.36,3.66,-22.0,-65.64,4.645,0.176,-6.648,4.291,-4.91,0.033,-5.614,6.005,1.72,-3.28,0.8,-1.29,-1.63,0.44,0.21,-1.71
2.883,-1.35,3.56,-22.12,-64.41,1.36,3.66,-22.0,-65.64,4.68,0.28,-6.829,4.345,-4.609,0.149,-5.634,5.967,3.55,-0.91,0.79,0.7,-2.3,0.89,-0.63,-3.09
2.934,-1.36,3.57,-22.12,-64.41,1.37,3.67,-22.0,-65.64,4.875,0.121,-6.312,4.446,-4.383,0.129,-5.646,5.991,-2.35,2.11,-1.06,0.19,4.51,3.31,-0.86,1.94
2.984,-1.36,3.56,-22.12,-64.41,1.36,3.66,-22.0,-65.64,4.766,0.21,-6.648,4.35,-4.637,0.058,-5.784,6.075,-2.78,-2.61,-0.45,3.04,-0.73,2.21,-0.29,1.49
3.035,-1.36,3.58,-22.12,-64.41,1.36,3.67,-22.0,-65.64,4.508,0.203,-6.577,4.416,-4.895,-0.019,-5.584,6.07,-0.87,5.17,-1.67,-0.12,-2.37,2.48,0.08,1.44
3.085,-1.36,3.56,-22.12,-64.41,1.37,3.66,-22.0,-65.64,4.551,0.207,-6.574,4.359,-4.914,0.132,-5.793,5.92,-2.5,-2.82,-1.82,-2.09,1.05,-0.57,1.03,-1.16
3.136,-1.37,3.56,-22.12,-64.41,1.36,3.66,-22.0,-65.64,4.695,0.184,-6.881,4.298,-4.789,0.022,-5.611,5.967,-3.93,-0.91,0.37,1.76,0.91,1.7,-1.76,1.28
3.186,-1.36,3.56,-22.12,-64.41,1.36,3.65,-22.0,-65.64,4.84,0.271,-6.561,4.448,-4.672,0.152,-6.089,5.958,0.66,-0.71,1.35,-0.85,-1.1,-2.3,-1.24,0.98
3.237,-1.36,3.56,-22.12,-64.41,1.36,3.66,-22.0,-65.64,4.82,0.397,-6.716,4.364,-4.926,0.023,-5.786,6.08,-1.55,-1.56,0.72,2.69,-2.4,-1.08,-1.11,2.38
3.288,-1.36,3.57,-22.12,-64.41,1.36,3.66,-22.0,-65.64,4.66,0.085,-6.759,4.362,-4.762,0.096,-5.926,5.916,-0.35,1.24,-0.26,2.0,-2.19,-1.69,-2.6,1.43
3.339,-1.36,3.56,-22.11,-64.42,1.36,3.66,-22.0,-65.64,4.777,0.262,-6.879,4.348,-4.727,-0.02,-5.906,6.094,-0.15,-1.31,2.01,-2.02,-2.18,-3.06,0.97,-1.34
3.389,-1.36,3.56,-22.12,-64.41,1.36,3.66,-22.0,-65.64,4.629,0.105,-6.837,4.273,-4.801,0.042,-5.892,5.92,1.46,0.87,-0.47,2.36,-0.51,0.2,2.03,0.42
3.44,-1.36,3.57,-22.12,-64.41,1.36,3.66,-22.0,-65.64,4.891,0.289,-6.689,4.28,-4.746,0.147,-5.712,6.019,1.08,0.82,-0.31,3.83,0.4,-0.89,3.36,-4.5
3.491,-1.36,3.57,-22.13,-64.4,1.36,3.66,-22.0,-65.64,4.781,0.256,-6.93,4.39,-4.711,-0.06,-5.691,6.005,-1.22,1.2,-4.55,5.95,0.25,-1.7,-0.79,1.02
3.541,-1.36,3.57,-22.12,-64.41,1.36,3.66,-22.0,-65.64,4.789,0.047,-6.971,4.32,-4.57,0.073,-6.082,5.953,1.15,-0.55,-2.22,5.86,0.43,0.67,-1.34,1.43
3.592,-1.36,3.57,-22.12,-64.41,1.36,3.66,-22.0,-65.64,4.68,0.282,-6.94,4.24,-4.664,0.02,-5.865,5.836,2.31,3.63,-0.46,0.35,1.16,0.44,-0.88,2.03
3.643,-1.35,3.56,-22.12,-64.41,1.36,3.66,-22.0,-65.64,4.695,0.094,-6.84,4.298,-4.723,-0.063,-5.593,6.084,3.7,-2.18,-0.28,2.1,-0.74,0.22,0.59,-1.21
3.693,-1.36,3.57,-22.12,-64.41,1.36,3.66,-22.0,-65.64,4.75,0.169,-6.674,4.23,-4.926,0.036,-5.864,5.972,2.3,0.11,-0.35,-0.08,-3.06,0.54,-0.92,2.08
3.744,-1.36,3.57,-22.12,-64.41,1.37,3.66,-22.0,-65.64,4.645,0.308,-6.939,4.247,-4.441,0.07,-5.808,6.005,2.68,1.78,-2.94,1.07,2.74,-1.07,-0.17,0.69
3.794,-1.36,3.56,-22.12,-64.41,1.35,3.66,-22.0,-65.64,4.605,0.122,-6.813,4.261,-4.613,0.032,-5.734,5.944,2.71,-2.46,0.74,-0.87,-5.18,1.28,2.16,-2.06
3.845,-1.36,3.57,-22.12,-64.41,1.36,3.66,-22.0,-65.64,4.91,0.209,-6.771,4.28,-4.668,0.138,-5.707,5.906,-0.48,1.98,-1.36,1.02,0.22,2.59,-1.85,4.2
3.896,-1.36,3.57,-22.12,-64.41,1.36,3.66,-22.0,-65.64,4.723,0.172,-6.871,4.315,-4.695,-0.016,-5.818,6.047,-1.46,0.09,-1.49,-0.0,-1.16,0.42,-1.31,1.66
3.946,-1.37,3.57,-22.12,-64.41,1.36,3.66,-22.0,-65.64,5.051,0.225,-6.718,4.432,-4.746,-0.018,-5.959,5.93,-4.51,3.66,-0.56,0.57,-2.21,-1.29,0.66,1.67
3.997,-1.36,3.56,-22.12,-64.41,1.36,3.66,-22.0,-65.64,4.625,0.26,-6.87,4.252,-4.914,0.08,-5.702,5.934,-2.13,-2.09,1.47,-1.89,0.23,1.87,-0.21,-0.98
4.047,-1.36,3.57,-22.12,-64.41,1.36,3.66,-22.0,-65.64,4.617,0.257,-6.764,4.369,-4.688,0.015,-5.903,6.009,-2.23,1.39,-0.37,1.37,-2.11,0.26,-1.23,3.88
4.098,-1.36,3.57,-22.12,-64.41,1.36,3.66,-22.0,-65.64,4.5,0.144,-6.853,4.245,-4.551,0.079,-5.563,6.173,0.68,-0.41,-1.55,3.81,-1.57,0.48,-0.39,0.75
4.149,-1.35,3.56,-22.12,-64.41,1.36,3.66,-22.0,-65.64,4.73,0.206,-6.605,4.294,-4.926,0.092,-5.747,6.019,5.26,-1.46,-0.13,5.91,0.31,0.38,-1.98,3.55
4.199,-1.37,3.57,-22.12,-64.41,1.36,3.65,-22.0,-65.64,4.66,0.17,-6.742,4.28,-4.715,0.05,-5.722,6.061,-3.98,2.26,-0.26,-0.61,-2.71,-2.43,0.12,-0.15
4.249,-1.36,3.56,-22.12,-64.41,1.36,3.67,-22.0,-65.64,4.867,0.294,-6.667,4.308,-4.797,0.118,-5.809,5.962,0.9,-0.14,-2.34,-0.74,-2.41,4.24,-0.19,1.43
4.3,-1.36,3.57,-22.11,-64.42,1.37,3.66,-22.0,-65.64,4.621,0.201,-6.763,4.352,-4.547,0.091,-5.88,6.061,0.61,0.56,2.55,-3.06,2.74,-0.03,-1.25,4.2
4.351,-1.36,3.56,-22.12,-64.41,1.36,3.66,-22.0,-65.64,5.105,0.235,-6.773,4.418,-4.75,-0.06,-5.877,6.047,0.79,-1.08,0.89,-0.95,0.8,-0.34,-0.97,1.37
4.401,-1.36,3.56,-22.12,-64.41,1.36,3.66,-22.0,-65.64,4.641,0.2,-6.845,4.294,-4.824,0.108,-5.55,5.981,2.07,-1.5,0.74,0.22,0.73,0.38,-0.39,0.06
4.452,-1.37,3.56,-22.12,-64.41,1.36,3.65,-22.0,-65.64,4.68,0.069,-6.843,4.413,-4.941,0.033,-5.614,6.052,-3.03,-1.67,-0.32,0.31,0.11,-3.85,1.08,-1.36
4.502,-1.36,3.57,-22.12,-64.41,1.36,3.65,-22.0,-65.64,4.656,0.165,-6.686,4.359,-4.914,0.054,-5.741,6.089,1.23,0.82,0.72,-0.08,-1.2,-2.84,-1.19,-0.72
4.553,-1.36,3.56,-22.12,-64.41,1.36,3.66,-22.0,-65.64,4.59,0.149,-6.741,4.369,-4.922,0.027,-5.856,6.009,2.12,-1.93,0.83,0.5,-2.66,-1.47,-1.21,3.82
4.604,-1.35,3.57,-22.12,-64.41,1.37,3.66,-22.0,-65.64,4.652,0.215,-6.993,4.252,-4.727,0.061,-5.707,6.047,3.84,4.38,0.44,0.24,4.07,-0.08,-1.26,-2.25
4.654,-1.36,3.56,-22.12,-64.41,1.37,3.65,-22.0,-65.64,4.852,0.172,-6.735,4.439,-4.949,0.082,-5.788,5.995,1.63,-4.71,-0.88,3.09,4.61,-2.78,-0.63,0.61
4.705,-1.36,3.56,-22.11,-64.42,1.36,3.66,-22.0,-65.64,4.863,0.271,-6.788,4.392,-5.113,0.065,-5.823,6.042,1.23,-1.96,2.94,-4.7,-1.56,-1.56,0.82,-1.0
4.755,-1.35,3.56,-22.12,-64.41,1.36,3.66,-22.0,-65.64,4.676,0.241,-6.727,4.359,-4.871,-0.054,-5.644,6.052,3.91,-0.58,-1.26,1.2,-2.12,-0.13,1.43,-0.76
4.806,-1.36,3.56,-22.12,-64.41,1.36,3.66,-22.0,-65.64,4.688,0.118,-6.738,4.336,-4.883,0.084,-5.721,6.033,1.24,-2.21,1.69,-1.15,-1.24,0.28,-1.58,2.01
4.856,-1.36,3.56,-22.12,-64.41,1.36,3.66,-22.0,-65.64,4.773,0.125,-6.641,4.404,-4.742,0.035,-5.63,6.019,-2.0,-2.72,1.62,-0.26,-0.91,-0.8,1.41,-4.12
4.907,-1.36,3.56,-22.12,-64.41,1.36,3.66,-22.0,-65.64,4.93,0.232,-6.619,4.327,-4.555,0.045,-5.575,6.009,-1.95,-0.27,-0.53,-0.47,1.21,1.83,1.42,-1.63
4.957,-1.36,3.57,-22.12,-64.41,1.36,3.66,-22.0,-65.64,4.953,0.114,-6.831,4.32,-5.094,0.126,-5.732,6.098,-1.76,0.54,-2.44,4.38,-3.08,1.91,-1.35,1.32
5.008,-1.36,3.56,-22.12,-64.41,1.36,3.67,-22.0,-65.64,4.809,0.216,-6.786,4.341,-4.859,0.051,-6.12,5.822,-2.12,-1.59,-1.36,4.21,0.52,3.89,0.95,-2.57
5.058,-1.36,3.56,-22.12,-64.41,1.36,3.66,-22.0,-65.64,4.887,0.205,-6.867,4.336,-4.605,-0.001,-5.947,6.047,-0.4,-0.78,0.59,-0.61,-0.97,0.27,0.85,0.15
5.109,-1.36,3.57,-22.12,-64.41,1.37,3.66,-22.0,-65.64,4.574,0.184,-6.703,4.324,-4.707,-0.026,-5.771,5.953,-1.52,1.57,-2.13,4.72,1.53,-0.45,-0.09,-0.03
5.159,-1.36,3.56,-22.12,-64.41,1.35,3.67,-22.0,-65.64,4.723,0.137,-6.884,4.261,-4.598,0.084,-5.591,6.052,0.47,-1.5,0.56,2.22,-3.45,4.72,-0.69,-0.78
5.21,-1.36,3.56,-22.12,-64.41,1.37,3.66,-22.0,-65.64,4.254,0.358,-6.824,4.245,-4.648,0.001,-5.645,5.845,-0.86,-3.19,0.15,0.62,2.1,1.3,-1.65,1.94
5.26,-1.36,3.57,-22.12,-64.41,1.36,3.66,-22.0,-65.64,4.922,0.174,-6.531,4.303,-4.547,0.101,-5.552,6.037,1.25,0.48,-0.27,0.59,-0.21,0.78,-2.02,2.06
5.311,-1.36,3.57,-22.12,-64.41,1.35,3.67,-22.0,-65.64,4.68,0.071,-6.587,4.364,-4.973,0.085,-5.779,5.934,-2.71,3.42,0.1,2.24,-4.04,3.03,0.17,-1.83
5.361,-1.36,3.56,-22.12,-64.41,1.37,3.66,-22.0,-65.64,4.512,0.243,-6.788,4.334,-4.645,-0.006,-5.625,5.93,-2.89,-1.2,0.66,-0.52,2.26,1.18,-0.12,-2.45
5.412,-1.36,3.57,-22.12,-64.41,1.37,3.66,-22.0,-65.64,4.684,0.233,-6.771,4.256,-4.961,0.004,-5.815,5.986,-0.65,0.5,0.58,-1.41,1.73,-1.11,-0.52,-0.66
5.463,-1.36,3.56,-22.12,-64.41,1.37,3.66,-22.0,-65.64,4.727,0.205,-6.748,4.514,-4.918,0.04,-5.685,6.005,2.82,-3.25,-0.08,4.22,2.16,1.69,-0.94,1.18
5.513,-1.36,3.57,-22.12,-64.41,1.35,3.66,-22.0,-65.64,4.605,0.341,-6.656,4.242,-4.766,0.161,-5.689,6.047,-0.64,2.69,-0.19,-3.07,-4.02,2.74,-1.95,2.43
5.563,-1.36,3.57,-22.12,-64.41,1.37,3.66,-22.0,-65.64,4.855,0.194,-6.531,4.315,-4.801,0.143,-5.843,6.052,1.62,1.25,-0.11,2.0,1.73,1.08,-1.34,0.85
5.614,-1.37,3.56,-22.12,-64.41,1.37,3.66,-22.0,-65.64,4.852,0.261,-6.667,4.413,-4.863,-0.001,-5.891,5.939,-3.29,-2.16,-0.43,-0.12,1.9,0.31,-0.52,-1.57
5.665,-1.36,3.56,-22.12,-64.41,1.37,3.66,-22.0,-65.64,4.57,0.215,-6.851,4.399,-4.758,0.137,-5.798,6.037,-2.35,-2.79,-0.79,0.86,2.29,1.05,-1.26,1.17
5.715,-1.36,3.56,-22.12,-64.41,1.37,3.66,-22.0,-65.64,4.875,0.162,-6.464,4.376,-4.84,0.114,-5.827,5.939,-0.86,-1.11,0.88,-0.7,1.98,2.2,0.08,1.26
5.766,-1.37,3.57,-22.12,-64.41,1.36,3.66,-22.0,-65.64,4.953,0.02,-6.652,4.329,-4.934,0.017,-5.511,6.061,-3.02,2.75,-1.09,2.38,1.02,-0.23,1.65,-2.78
5.816,-1.36,3.57,-22.12,-64.41,1.37,3.66,-22.0,-65.64,4.93,0.191,-6.922,4.287,-5.008,0.028,-5.637,6.023,-1.12,2.74,-0.8,-0.84,3.63,-0.08,2.38,-3.44
5.866,-1.36,3.56,-22.12,-64.41,1.36,3.66,-22.0,-65.64,4.652,0.195,-6.895,4.32,-4.801,-0.017,-5.831,5.958,-0.52,-4.22,-1.45,2.4,-0.96,0.45,-1.05,0.2
5.917,-1.35,3.56,-22.12,-64.41,1.36,3.66,-22.0,-65.64,4.738,0.173,-6.757,4.259,-4.867,-0.005,-5.977,5.953,4.08,-1.54,-1.49,2.85,-0.51,-1.03,1.12,-0.29
5.967,-1.36,3.57,-22.12,-64.41,1.36,3.66,-22.0,-65.64,4.777,0.102,-6.611,4.364,-4.898,-0.052,-6.052,6.042,-0.57,0.67,0.62,-1.71,0.62,-1.58,-1.01,-0.67
6.018,-1.36,3.56,-22.12,-64.41,1.37,3.66,-22.0,-65.64,4.59,0.141,-6.677,4.303,-4.746,-0.062,-5.953,5.953,-1.28,-1.66,0.06,2.09,2.25,-1.52,0.73,-0.97
6.068,-1.36,3.56,-22.12,-64.41,1.36,3.65,-22.0,-65.64,4.656,-0.005,-6.571,4.416,-4.648,0.208,-5.883,6.0,2.18,-3.16,-1.35,0.13,0.71,-3.23,-0.78,2.03
6.119,-1.36,3.57,-22.12,-64.41,1.37,3.66,-22.0,-65.64,4.863,0.21,-6.789,4.291,-4.762,0.244,-5.831,5.981,2.18,0.48,-1.31,-0.74,1.39,0.79,-0.48,-1.97
6.169,-1.36,3.57,-22.12,-64.41,1.36,3.66,-22.0,-65.64,4.707,0.263,-6.588,4.345,-4.727,-0.063,-5.838,6.009,-1.35,2.75,-0.1,1.01,-0.68,-1.54,-0.19,-0.85
6.22,-1.37,3.57,-22.13,-64.4,1.36,3.66,-22.0,-65.64,4.73,0.276,-6.466,4.338,-4.777,0.076,-5.933,6.014,-3.79,1.16,-5.33,5.03,0.49,1.81,-0.24,0.96
6.271,-1.37,3.57,-22.13,-64.4,1.36,3.66,-22.0,-65.64,4.73,0.276,-6.466,4.338,-4.777,0.076,-5.933,6.014,-3.79,1.16,-5.33,5.03,0.49,1.81,-0.24,0.96
6.321,-1.36,3.57,-22.12,-64.41,1.36,3.66,-22.0,-65.64,4.965,0.073,-6.841,4.256,-4.547,0.066,-5.998,5.897,0.78,1.22,-1.54,1.31,1.19,2.21,-1.02,0.88
6.372,-1.36,3.57,-22.12,-64.41,1.36,3.66,-22.0,-65.64,4.965,0.073,-6.841,4.256,-4.547,0.066,-5.998,5.897,0.78,1.22,-1.54,1.31,1.19,2.21,-1.02,0.88
6.423,-1.36,3.57,-22.12,-64.41,1.36,3.66,-22.0,-65.64,4.715,0.159,-6.568,4.395,-4.562,0.073,-5.798,5.944,2.28,2.16,-0.38,1.35,0.88,0.16,-2.07,0.21
6.473,-1.36,3.57,-22.12,-64.41,1.36,3.66,-22.0,-65.64,4.715,0.159,-6.568,4.395,-4.562,0.073,-5.798,5.944,2.28,2.16,-0.38,1.35,0.88,0.16,-2.07,0.21
6.524,-1.36,3.56,-22.12,-64.41,1.36,3.66,-22.0,-65.64,4.703,0.279,-6.634,4.294,-4.98,0.068,-5.748,6.023,-0.68,-2.26,0.69,-2.99,0.65,2.3,0.92,-2.31
6.574,-1.36,3.57,-22.12,-64.41,1.36,3.66,-22.0,-65.64,4.668,0.235,-6.724,4.327,-4.68,0.027,-5.7,6.089,-2.36,1.14,0.38,-1.7,-2.72,-1.43,0.85,-1.76
6.625,-1.35,3.56,-22.12,-64.41,1.37,3.66,-22.0,-65.64,4.637,0.233,-6.792,4.341,-4.949,-0.061,-5.745,6.033,3.48,-2.38,1.12,0.25,1.28,-0.2,-0.71,-0.36
6.675,-1.36,3.56,-22.12,-64.41,1.37,3.65,-22.0,-65.64,4.57,0.238,-6.69,4.32,-4.773,0.105,-5.954,5.981,1.09,-1.8,-0.71,-0.11,2.84,-3.83,0.2,-0.73
6.726,-1.36,3.56,-22.12,-64.41,1.35,3.66,-22.0,-65.64,4.633,0.215,-6.811,4.298,-4.879,-0.041,-5.681,6.061,-2.54,-0.39,1.0,-0.31,-4.42,-2.08,2.41,-2.37
6.777,-1.36,3.58,-22.12,-64.41,1.37,3.66,-22.0,-65.64,4.719,0.156,-6.601,4.373,-4.801,0.052,-5.884,5.981,1.74,5.09,0.46,-1.23,1.86,1.81,1.37,-2.63
6.827,-1.36,3.56,-22.12,-64.41,1.35,3.67,-22.0,-65.64,4.887,0.27,-6.845,4.364,-4.766,0.01,-5.95,5.962,-1.87,-0.42,1.27,-1.54,-4.56,4.34,1.43,-2.3
6.878,-1.36,3.57,-22.11,-64.42,1.37,3.66,-22.0,-65.64,4.922,0.155,-6.804,4.212,-4.676,0.088,-5.572,6.047,-2.09,1.76,3.04,-0.75,3.69,-1.08,1.14,0.27
6.929,-1.36,3.57,-22.12,-64.41,1.36,3.66,-22.0,-65.64,4.609,0.215,-6.693,4.376,-4.527,0.089,-5.706,6.042,-1.94,2.61,0.37,0.87,-0.57,0.28,1.51,-3.13
6.979,-1.36,3.56,-22.12,-64.41,1.36,3.66,-22.0,-65.64,4.488,0.171,-6.633,4.441,-4.531,-0.061,-5.754,6.07,-1.09,-2.71,-1.14,1.98,0.21,-1.34,-0.52,0.45
7.03,-1.36,3.57,-22.12,-64.41,1.35,3.66,-22.0,-65.64,4.84,0.205,-6.675,4.294,-4.75,0.068,-5.9,5.977,0.86,0.67,-1.23,0.32,-5.05,2.48,-2.31,3.61
7.08,-1.36,3.56,-22.12,-64.41,1.36,3.65,-22.0,-65.64,4.727,0.204,-6.476,4.294,-4.719,-0.007,-5.625,6.047,0.51,-0.85,1.11,-0.09,-3.09,-3.33,2.39,-1.32
7.131,-1.36,3.56,-22.12,-64.41,1.37,3.66,-22.0,-65.64,4.84,0.219,-6.653,4.439,-4.719,-0.075,-5.878,6.052,-0.34,-2.2,0.84,0.49,2.2,1.34,-1.04,-1.47
7.181,-1.36,3.57,-22.12,-64.41,1.36,3.66,-22.0,-65.64,4.75,0.153,-6.653,4.322,-4.859,-0.052,-5.733,5.892,0.38,2.98,-0.89,-2.52,-1.53,-0.46,-0.16,0.2
7.231,-1.36,3.57,-22.12,-64.41,1.36,3.67,-22.0,-65.64,4.957,0.126,-6.566,4.327,-4.754,-0.054,-5.707,6.047,2.4,1.69,-0.34,2.43,-2.81,2.64,0.66,1.59
7.282,-1.36,3.56,-22.12,-64.41,1.36,3.65,-22.0,-65.64,4.738,0.341,-6.799,4.31,-4.816,0.061,-5.624,5.995,0.72,-1.65,-0.14,-1.4,-1.09,-2.43,0.07,1.04
7.332,-1.36,3.57,-22.12,-64.41,1.36,3.66,-22.0,-65.64,4.688,0.164,-6.708,4.32,-4.629,0.096,-5.682,5.902,-1.59,2.34,1.83,-1.63,-0.29,0.54,-0.85,0.48
7.383,-1.36,3.56,-22.12,-64.41,1.36,3.66,-22.0,-65.64,4.914,0.355,-6.82,4.289,-4.707,-0.06,-5.754,5.93,1.02,-2.55,0.23,2.83,0.72,1.13,-1.48,1.22
7.433,-1.35,3.57,-22.12,-64.41,1.36,3.65,-22.0,-65.64,4.543,0.098,-6.7,4.298,-4.879,0.051,-5.863,5.991,3.59,2.03,1.9,-1.08,-1.47,-2.84,0.11,0.38
7.484,-1.36,3.57,-22.12,-64.41,1.37,3.66,-22.0,-65.64,5.055,0.122,-6.551,4.383,-4.98,0.038,-5.959,5.93,-0.12,1.59,0.49,1.68,1.17,1.54,0.18,0.06
7.534,-1.36,3.56,-22.12,-64.41,1.36,3.66,-22.0,-65.64,5.035,0.167,-6.763,4.341,-4.988,0.095,-6.041,5.953,-1.99,-2.66,-0.6,1.47,-1.32,1.63,2.64,-2.97
7.585,-1.36,3.56,-22.12,-64.41,1.35,3.65,-22.0,-65.64,4.672,0.304,-6.737,4.343,-4.535,-0.039,-5.775,5.944,0.43,-3.01,-0.32,3.63,-3.31,-6.03,3.59,-2.92
7.635,-1.36,3.56,-22.12,-64.41,1.36,3.66,-22.0,-65.64,4.625,0.173,-6.675,4.364,-4.977,0.086,-5.87,6.042,2.21,-2.44,-1.24,4.65,0.24,1.53,-0.41,0.79
7.686,-1.36,3.56,-22.12,-64.41,1.36,3.67,-22.0,-65.64,4.969,0.229,-6.718,4.35,-4.445,0.016,-5.982,6.0,2.37,-1.59,-0.36,-1.79,-1.46,2.79,-0.02,-1.74
7.736,-1.36,3.56,-22.12,-64.41,1.36,3.66,-22.0,-65.64,4.797,0.251,-6.649,4.308,-5.0,0.044,-5.801,5.836,1.0,-2.17,0.78,-1.19,-2.55,-1.12,-0.41,-2.24
7.787,-1.36,3.56,-22.12,-64.41,1.37,3.66,-22.0,-65.64,4.785,0.275,-6.688,4.392,-4.93,-0.109,-5.965,5.883,-0.12,-0.83,-1.41,3.35,2.46,-0.57,-4.21,3.66
7.837,-1.36,3.57,-22.12,-64.41,1.36,3.66,-22.0,-65.64,4.594,0.362,-6.444,4.413,-4.668,0.099,-5.719,6.164,-0.79,1.35,-0.18,3.74,-2.35,-0.55,1.86,-2.69
7.888,-1.36,3.57,-22.12,-64.41,1.36,3.67,-22.0,-65.64,4.75,0.241,-6.716,4.399,-4.898,-0.02,-5.831,5.958,0.79,2.44,-0.73,2.68,-0.48,3.29,0.29,-0.92
7.939,-1.36,3.56,-22.12,-64.41,1.35,3.66,-22.0,-65.64,4.68,0.137,-6.761,4.331,-4.52,0.064,-5.296,6.112,0.83,-2.66,0.79,0.16,-3.93,-1.6,-0.36,-2.14
7.989,-1.36,3.56,-22.13,-64.4,1.36,3.66,-22.0,-65.64,4.699,0.163,-6.413,4.31,-4.816,-0.019,-5.748,5.977,-0.54,-1.27,-2.45,1.98,-1.21,0.32,1.29,-0.12
8.04,-1.37,3.56,-22.12,-64.41,1.36,3.66,-22.0,-65.64,4.75,0.214,-6.899,4.263,-4.941,-0.035,-5.851,6.014,-4.81,-0.81,0.48,-0.89,0.7,0.25,0.77,-3.57
8.091,-1.36,3.56,-22.12,-64.41,1.36,3.66,-22.0,-65.64,4.887,0.256,-6.679,4.343,-4.602,-0.016,-5.97,5.948,-1.31,-0.12,1.82,-4.72,1.17,-1.65,-0.35,0.36
8.141,-1.36,3.57,-22.12,-64.41,1.37,3.66,-22.0,-65.64,4.523,0.274,-6.615,4.371,-4.676,-0.06,-5.709,5.962,0.74,1.2,0.83,2.68,0.68,-0.33,-2.57,0.87
8.192,-1.37,3.56,-22.12,-64.41,1.36,3.66,-22.0,-65.64,4.879,0.251,-6.88,4.423,-4.719,0.023,-5.784,6.052,-3.58,-2.22,-0.72,0.44,0.29,-0.5,-0.68,2.28
8.242,-1.36,3.57,-22.12,-64.41,1.36,3.66,-22.0,-65.64,4.863,0.042,-6.709,4.348,-4.742,-0.061,-5.781,6.037,0.93,1.1,1.87,-2.61,-2.27,-1.76,-1.86,-1.11
8.293,-1.36,3.57,-22.12,-64.41,1.36,3.66,-22.0,-65.64,4.906,0.142,-6.9,4.303,-5.039,-0.027,-5.754,5.953,1.22,0.34,1.49,-0.21,-0.33,0.91,0.97,1.23
8.343,-1.36,3.57,-22.11,-64.42,1.36,3.66,-22.0,-65.64,4.77,0.094,-6.537,4.373,-4.547,0.158,-5.586,5.986,0.61,-0.4,3.27,-5.92,-0.81,-1.13,1.4,-5.48
8.394,-1.36,3.57,-22.12,-64.41,1.37,3.66,-22.0,-65.64,4.617,0.206,-6.67,4.474,-4.777,0.018,-5.715,6.127,-0.19,2.41,-1.51,-0.3,2.41,-0.1,1.02,-2.22
8.444,-1.36,3.56,-22.12,-64.41,1.36,3.66,-22.0,-65.64,4.613,0.325,-6.814,4.359,-4.609,0.083,-5.825,6.028,-0.18,-0.89,1.81,-3.64,-1.26,0.33,-1.15,2.23
8.495,-1.36,3.57,-22.12,-64.41,1.36,3.66,-22.0,-65.64,4.773,0.198,-6.926,4.383,-4.668,-0.035,-5.527,6.052,-0.79,2.15,-0.43,-2.06,-0.22,-0.81,0.72,0.57
8.545,-1.36,3.55,-22.12,-64.41,1.36,3.66,-22.0,-65.64,4.531,0.215,-6.369,4.383,-4.633,0.08,-6.022,5.972,1.46,-5.89,0.26,-0.29,0.82,0.38,0.62,1.14
8.596,-1.36,3.57,-22.12,-64.41,1.37,3.66,-22.0,-65.64,4.559,0.204,-6.756,4.371,-4.816,-0.025,-5.832,6.103,-0.66,0.44,0.33,-1.79,4.62,1.42,-1.45,-0.63
8.647,-1.36,3.56,-22.12,-64.41,1.36,3.66,-22.0,-65.64,4.695,0.267,-6.673,4.32,-4.797,-0.023,-5.652,5.991,1.91,-0.62,0.59,-3.6,-1.11,-0.13,-1.97,1.62
8.698,-1.36,3.57,-22.12,-64.41,1.36,3.66,-22.0,-65.64,4.738,0.263,-6.805,4.275,-4.551,0.051,-6.038,5.962,2.41,0.13,-0.72,0.78,-0.3,-0.01,-0.27,0.86
8.748,-1.35,3.57,-22.12,-64.41,1.36,3.66,-22.0,-65.64,4.602,0.102,-6.843,4.366,-4.793,0.083,-5.875,6.037,3.34,3.59,-0.78,-1.13,0.2,1.11,-0.09,1.44
8.799,-1.36,3.57,-22.12,-64.41,1.36,3.66,-22.0,-65.64,4.703,0.229,-6.759,4.245,-4.719,-0.0,-5.719,5.953,2.59,2.04,1.93,-2.63,0.49,0.34,-1.54,0.13
8.849,-1.36,3.57,-22.12,-64.41,1.35,3.66,-22.0,-65.64,4.426,0.289,-6.83,4.209,-4.898,0.158,-5.753,5.902,1.79,2.69,0.47,0.46,-8.56,0.19,-1.01,-0.34
8.9,-1.36,3.56,-22.12,-64.41,1.36,3.66,-22.0,-65.64,4.727,0.229,-6.827,4.305,-4.938,-0.02,-5.814,5.981,0.82,-2.92,-1.1,-0.93,-1.84,1.67,2.92,-2.75
8.95,-1.36,3.56,-22.12,-64.41,1.36,3.67,-22.0,-65.64,4.801,0.036,-6.654,4.42,-4.895,0.061,-5.805,5.972,1.98,-1.38,1.57,0.81,-1.99,3.29,1.45,1.15
9.001,-1.36,3.57,-22.12,-64.41,1.37,3.66,-21.98,-65.66,4.902,0.24,-6.693,4.376,-4.855,0.018,-5.947,6.047,-1.21,-0.18,-1.51,2.57,3.01,0.76,3.9,-4.04
9.051,-1.36,3.56,-22.12,-64.41,1.36,3.66,-22.0,-65.64,4.805,0.15,-6.625,4.327,-4.789,0.032,-5.773,6.005,-0.6,-4.15,-1.05,2.03,-2.31,1.96,-0.17,1.04
9.102,-1.36,3.56,-22.12,-64.41,1.36,3.66,-22.0,-65.64,4.637,0.224,-6.9,4.245,-4.59,0.039,-5.866,6.028,0.0,-2.28,1.4,0.22,1.06,-1.38,1.08,-2.38
9.152,-1.37,3.56,-22.12,-64.41,1.37,3.66,-22.0,-65.64,4.984,0.181,-6.451,4.383,-4.836,-0.015,-5.96,5.934,-3.33,-3.12,2.05,-1.8,3.09,-0.19,0.71,-1.22
9.202,-1.36,3.57,-22.12,-64.41,1.36,3.66,-22.0,-65.64,4.766,0.18,-6.599,4.329,-4.707,-0.034,-5.825,6.052,-2.54,1.96,-1.14,1.78,1.51,-1.65,-0.03,3.92
9.253,-1.36,3.56,-22.12,-64.41,1.36,3.66,-22.0,-65.64,4.883,0.15,-6.663,4.329,-4.777,0.136,-6.108,5.986,2.51,-0.77,-2.53,5.57,-0.99,0.71,1.33,-0.28
9.303,-1.36,3.57,-22.12,-64.41,1.36,3.67,-22.0,-65.64,4.785,0.086,-6.766,4.378,-4.941,0.022,-5.371,6.178,1.12,0.3,-0.68,1.64,-3.24,4.06,1.2,1.43
9.354,-1.36,3.56,-22.12,-64.41,1.36,3.65,-22.0,-65.64,4.746,0.225,-6.629,4.38,-4.844,0.208,-5.739,6.08,-1.26,-2.79,-0.36,1.66,0.88,-5.32,3.2,-4.01
9.405,-1.36,3.57,-22.12,-64.41,1.36,3.66,-22.0,-65.64,4.555,0.246,-6.768,4.406,-4.773,0.104,-5.784,6.075,-1.88,3.46,-0.24,0.4,-1.22,-1.04,0.89,-0.52
9.455,-1.36,3.57,-22.12,-64.41,1.37,3.66,-22.0,-65.64,4.746,0.213,-6.839,4.27,-4.828,0.14,-5.734,5.967,1.01,1.78,0.68,-4.18,3.69,0.27,-0.5,-0.97
9.505,-1.36,3.56,-22.12,-64.41,1.37,3.66,-22.0,-65.64,4.516,0.098,-6.504,4.395,-5.023,-0.027,-6.012,5.906,-1.18,-1.11,-0.85,0.36,2.54,-1.48,0.96,-1.1
9.556,-1.36,3.56,-22.12,-64.41,1.36,3.66,-22.0,-65.64,4.242,0.3,-6.761,4.413,-4.859,0.021,-5.723,6.066,-2.55,-1.26,1.24,-1.41,0.39,-0.89,1.36,-3.32
9.607,-1.36,3.57,-22.12,-64.41,1.35,3.66,-22.0,-65.64,4.551,0.118,-6.567,4.39,-4.816,0.06,-5.511,6.037,0.83,1.33,2.13,-2.05,-5.02,-1.21,0.61,1.75
9.657,-1.36,3.57,-22.12,-64.41,1.36,3.66,-22.0,-65.64,4.75,0.266,-6.707,4.409,-4.754,0.032,-5.81,5.944,2.34,1.6,0.8,0.75,-2.3,1.71,1.02,-1.76
9.708,-1.36,3.56,-22.12,-64.41,1.37,3.66,-22.0,-65.64,5.02,0.258,-6.784,4.32,-4.738,0.019,-5.783,6.0,-2.23,-0.88,-1.5,1.36,5.18,-1.15,0.47,-1.59
9.758,-1.36,3.57,-22.12,-64.41,1.36,3.66,-22.0,-65.64,4.852,0.141,-6.88,4.247,-4.797,-0.027,-5.91,6.014,-2.41,-0.11,0.89,-2.01,0.32,-0.22,0.85,0.31
9.809,-1.35,3.57,-22.12,-64.41,1.36,3.66,-22.0,-65.64,4.992,0.26,-6.592,4.371,-4.84,-0.053,-5.672,5.977,5.24,2.45,-0.4,2.83,-2.12,1.31,2.15,-2.3
9.859,-1.36,3.56,-22.12,-64.41,1.36,3.66,-22.0,-65.64,4.766,0.118,-6.5,4.287,-4.688,-0.002,-5.905,5.948,-2.27,-2.36,0.93,-1.3,1.2,-1.09,0.75,0.9
9.91,-1.36,3.56,-22.12,-64.41,1.36,3.66,-22.0,-65.64,4.695,0.232,-6.837,4.249,-4.852,0.057,-5.832,5.939,-1.8,-0.11,0.42,0.38,-1.26,-0.98,-0.61,-2.61
9.96,-1.36,3.56,-22.12,-64.41,1.37,3.66,-22.0,-65.64,4.824,0.134,-6.67,4.427,-4.984,0.145,-5.898,6.014,-1.69,-1.7,0.67,0.3,2.24,-1.02,0.06,0.78
10.011,-1.36,3.56,-22.12,-64.41,1.36,3.66,-22.0,-65.64,4.555,0.207,-6.543,4.42,-4.926,0.049,-5.886,5.991,-0.53,-2.6,-1.2,4.97,-2.43,0.46,1.66,0.04
10.062,-1.36,3.56,-22.12,-64.41,1.37,3.65,-22.0,-65.64,4.496,0.241,-6.689,4.256,-4.809,0.07,-5.377,6.037,0.24,-1.45,1.69,-1.43,1.65,-5.94,0.5,-1.11
10.112,-1.36,3.57,-22.12,-64.41,1.37,3.66,-22.0,-65.64,4.695,0.259,-6.763,4.317,-4.73,-0.044,-5.723,6.066,-2.23,1.54,-0.52,0.38,2.8,-0.13,-0.16,-2.1
10.163,-1.36,3.57,-22.12,-64.41,1.37,3.65,-22.0,-65.64,4.797,0.177,-6.798,4.317,-4.621,0.024,-5.708,6.098,-1.7,0.17,0.08,-1.75,1.71,-2.82,0.93,1.47
10.214,-1.36,3.57,-22.12,-64.41,1.36,3.66,-22.0,-65.64,4.691,0.134,-6.693,4.27,-4.688,-0.011,-5.805,6.089,-0.98,-0.12,0.67,0.94,-0.99,2.13,1.99,-4.45
10.264,-1.36,3.57,-22.12,-64.41,1.37,3.66,-22.0,-65.64,4.66,0.278,-6.689,4.432,-4.719,-0.02,-5.83,6.047,-1.1,2.5,-0.28,0.93,1.93,1.44,-1.03,0.29
10.315,-1.36,3.57,-22.12,-64.41,1.36,3.66,-22.0,-65.64,4.715,0.196,-6.751,4.376,-4.852,-0.0,-6.148,6.005,0.04,0.84,-2.45,1.85,-2.27,1.52,0.65,0.43
10.365,-1.36,3.57,-22.12,-64.41,1.37,3.66,-22.0,-65.64,4.586,0.299,-6.635,4.357,-4.93,0.282,-6.188,6.117,2.06,0.24,-1.94,-0.83,2.11,0.68,1.59,-1.66
10.416,-1.36,3.57,-22.12,-64.41,1.36,3.65,-22.0,-65.64,4.574,0.075,-6.741,4.322,-4.805,0.077,-5.684,6.0,-1.32,1.69,-0.59,0.81,-1.18,-2.53,-0.57,0.41
10.466,-1.36,3.58,-22.12,-64.41,1.36,3.66,-22.0,-65.64,4.73,0.254,-6.756,4.348,-4.297,-0.089,-5.689,6.141,-0.91,5.14,-1.23,-0.32,1.69,-0.5,-3.1,3.49
10.517,-1.36,3.56,-22.12,-64.41,1.36,3.66,-22.0,-65.64,4.789,0.155,-7.099,4.245,-4.973,0.07,-5.951,5.78,-2.62,-1.07,1.5,0.89,-1.29,-1.3,-0.76,0.38
10.567,-1.37,3.57,-22.12,-64.41,1.36,3.66,-22.0,-65.64,4.859,0.216,-6.645,4.301,-4.555,-0.0,-5.882,5.878,-3.71,2.36,-0.1,-2.11,-1.58,1.42,-1.79,5.08
10.618,-1.36,3.57,-22.12,-64.41,1.36,3.66,-22.0,-65.64,4.863,0.12,-6.696,4.425,-4.629,0.045,-5.951,6.131,-0.54,1.4,-0.36,-1.61,0.81,1.94,1.73,-1.35
10.668,-1.36,3.57,-22.12,-64.41,1.37,3.65,-22.0,-65.64,4.902,0.182,-6.799,4.474,-4.758,0.042,-5.768,5.986,-0.63,0.51,1.35,0.13,2.08,-2.93,0.19,-2.01
10.719,-1.36,3.56,-22.12,-64.41,1.36,3.67,-22.0,-65.64,4.93,0.167,-6.765,4.315,-4.781,0.063,-5.775,5.944,-2.15,-1.16,1.36,-0.06,-2.76,2.87,-0.9,4.68
10.769,-1.36,3.56,-22.12,-64.41,1.36,3.66,-22.0,-65.64,4.738,0.192,-6.725,4.308,-4.688,0.093,-5.863,5.991,1.09,-1.09,1.55,-2.29,-2.26,-1.67,-1.91,4.5
10.821,-1.36,3.56,-22.12,-64.41,1.36,3.66,-22.0,-65.64,4.824,0.219,-6.577,4.439,-4.625,0.029,-5.912,5.93,0.84,-0.98,-0.18,0.45,0.44,-1.51,0.14,-0.34
10.871,-1.36,3.56,-22.12,-64.41,1.37,3.65,-22.0,-65.64,4.645,0.151,-6.772,4.331,-4.617,0.058,-5.822,6.037,-0.88,-2.08,-0.62,-2.36,4.3,-4.74,-0.83,-1.01
10.922,-1.36,3.56,-22.12,-64.41,1.36,3.65,-22.0,-65.64,4.449,0.364,-6.568,4.383,-4.531,0.151,-5.921,5.967,-1.14,-0.28,0.53,-0.43,-0.35,-2.83,-2.06,5.48
10.972,-1.36,3.57,-22.12,-64.41,1.36,3.66,-22.0,-65.64,4.816,0.199,-6.578,4.42,-4.582,0.019,-5.51,6.033,2.89,1.9,0.49,0.91,1.03,1.54,-0.91,2.46
11.023,-1.36,3.56,-22.12,-64.41,1.37,3.66,-22.0,-65.64,4.953,0.286,-6.739,4.259,-5.039,0.135,-5.755,5.958,0.75,-3.79,1.72,-0.76,1.56,2.1,-1.24,3.74
11.073,-1.36,3.56,-22.12,-64.41,1.37,3.66,-22.0,-65.64,4.895,0.245,-6.858,4.275,-4.648,-0.004,-5.989,5.911,1.17,-1.55,1.82,-2.73,3.05,-0.97,-0.86,0.52
11.124,-1.36,3.57,-22.12,-64.41,1.36,3.66,-22.0,-65.64,4.637,0.221,-6.783,4.233,-4.695,-0.007,-5.916,5.85,0.79,1.78,-0.0,-0.28,0.91,0.4,-1.57,-2.13
11.174,-1.36,3.58,-22.12,-64.41,1.36,3.67,-22.0,-65.64,4.539,0.106,-6.605,4.341,-4.848,0.011,-5.845,6.014,-0.81,5.0,1.95,-2.16,-1.51,2.37,-0.48,-0.61
11.225,-1.36,3.57,-22.12,-64.41,1.36,3.66,-22.0,-65.64,4.715,0.275,-7.021,4.223,-4.973,-0.005,-5.878,6.145,0.22,1.74,-0.42,-2.94,-1.26,-1.87,-1.36,2.48
11.276,-1.36,3.57,-22.13,-64.4,1.36,3.66,-22.0,-65.64,4.645,0.172,-6.783,4.327,-4.668,-0.059,-5.964,5.925,1.93,-0.35,-3.23,4.15,0.79,-1.65,0.71,-0.91
11.326,-1.35,3.57,-22.12,-64.41,1.36,3.66,-22.0,-65.64,4.73,0.12,-6.721,4.324,-5.066,0.05,-6.052,6.019,3.33,-0.4,-0.59,1.06,-1.29,-0.88,1.79,-2.06
11.377,-1.37,3.57,-22.12,-64.41,1.36,3.67,-22.0,-65.64,4.887,0.1,-6.459,4.392,-4.723,-0.01,-5.89,6.028,-3.63,1.83,0.02,4.64,0.77,3.15,2.97,-2.18
11.428,-1.36,3.56,-22.12,-64.41,1.37,3.66,-22.0,-65.64,4.617,0.192,-6.736,4.432,-4.891,0.08,-6.05,5.897,-0.92,-1.18,-1.34,4.37,3.39,1.92,1.18,-0.95
11.478,-1.36,3.56,-22.12,-64.41,1.37,3.66,-22.0,-65.64,4.617,0.192,-6.736,4.432,-4.891,0.08,-6.05,5.897,-0.92,-1.18,-1.34,4.37,3.39,1.92,1.18,-0.95
11.529,-1.36,3.56,-22.12,-64.41,1.36,3.66,-22.0,-65.64,4.789,0.123,-6.799,4.334,-4.66,0.004,-5.78,5.986,2.41,-2.84,-2.32,4.61,0.37,-1.02,1.17,-2.63
11.579,-1.35,3.57,-22.12,-64.41,1.36,3.66,-22.0,-65.64,4.879,0.158,-6.748,4.35,-4.777,0.077,-5.967,5.939,3.66,2.65,-0.68,0.07,-1.06,1.29,1.17,-2.72
11.63,-1.36,3.57,-22.12,-64.41,1.36,3.66,-22.0,-65.64,4.84,0.183,-6.769,4.305,-4.867,0.103,-5.531,5.977,1.47,1.79,-1.51,2.09,0.63,1.77,-0.57,2.26
11.681,-1.36,3.56,-22.12,-64.41,1.36,3.66,-22.0,-65.64,4.77,0.152,-6.855,4.336,-4.684,0.087,-5.946,5.831,1.96,-1.51,1.33,-1.34,-0.03,1.76,0.03,1.59
11.731,-1.36,3.56,-22.12,-64.41,1.36,3.65,-22.0,-65.64,4.723,0.211,-6.628,4.305,-4.781,0.122,-5.917,6.042,0.85,-0.72,-1.83,3.53,-2.09,-2.76,-1.02,0.94
11.782,-1.36,3.57,-22.12,-64.41,1.36,3.66,-22.0,-65.64,4.852,0.112,-6.771,4.256,-4.898,0.04,-5.779,6.005,1.07,1.13,-1.62,2.91,0.19,-1.52,0.13,-0.08
11.832,-1.36,3.57,-22.12,-64.41,1.36,3.66,-22.0,-65.64,4.645,0.189,-6.94,4.38,-4.738,0.005,-5.932,5.939,0.53,3.24,-1.12,-1.34,-2.6,1.41,-1.29,1.09
11.883,-1.36,3.57,-22.12,-64.41,1.37,3.66,-22.0,-65.64,4.93,0.156,-6.803,4.336,-4.898,0.035,-5.936,5.977,-0.14,1.86,-1.31,1.1,2.28,0.13,0.97,-0.91
11.933,-1.36,3.57,-22.12,-64.41,1.36,3.65,-22.0,-65.64,4.809,0.23,-6.711,4.357,-4.652,0.102,-5.712,6.019,-2.03,3.38,-0.57,1.83,1.16,-2.48,1.01,0.51
11.984,-1.36,3.56,-22.12,-64.41,1.36,3.66,-22.0,-65.64,4.945,0.307,-6.581,4.294,-4.645,-0.014,-5.72,5.981,2.32,-2.34,-1.29,2.35,0.29,1.26,-2.05,1.68
12.034,-1.36,3.57,-22.12,-64.41,1.36,3.66,-22.0,-65.64,4.434,0.13,-6.866,4.261,-4.582,0.062,-5.823,6.042,1.99,2.95,0.57,-1.63,0.82,-1.19,-0.04,0.19
12.085,-1.36,3.57,-22.11,-64.42,1.37,3.66,-22.0,-65.64,4.801,0.152,-6.959,4.268,-4.809,-0.017,-5.938,6.033,1.17,-0.33,3.0,-5.96,3.84,-1.55,0.03,-4.31
12.136,-1.36,3.56,-22.12,-64.41,1.36,3.66,-22.0,-65.64,4.684,0.288,-6.834,4.263,-4.848,-0.037,-5.929,5.995,1.84,-0.82,0.8,-2.82,0.13,1.84,0.26,0.83
12.186,-1.36,3.56,-22.12,-64.41,1.37,3.65,-22.0,-65.64,4.82,0.21,-6.882,4.245,-4.734,-0.02,-5.787,5.991,-1.68,-2.0,0.77,-0.2,1.75,-2.36,0.97,-2.14
12.237,-1.36,3.56,-22.12,-64.41,1.37,3.66,-22.0,-65.64,4.746,0.263,-6.442,4.392,-4.551,0.045,-5.801,6.07,0.66,-2.52,0.25,2.08,1.8,2.07,-3.37,4.12
12.287,-1.36,3.56,-22.12,-64.41,1.36,3.66,-22.0,-65.64,4.508,0.248,-6.531,4.291,-4.691,-0.009,-5.859,6.0,1.98,-3.8,0.19,1.85,0.79,-1.27,2.13,-1.07
12.338,-1.36,3.57,-22.12,-64.41,1.37,3.67,-22.0,-65.64,4.68,0.188,-6.663,4.388,-4.867,-0.012,-5.906,5.93,0.69,0.72,-1.52,1.42,3.54,2.77,0.6,-2.45
12.388,-1.36,3.56,-22.12,-64.41,1.36,3.65,-22.0,-65.64,4.629,0.158,-6.577,4.322,-4.859,-0.032,-5.818,5.906,0.64,-1.04,0.79,-2.4,-1.2,-2.85,-0.98,2.11
12.439,-1.36,3.57,-22.12,-64.41,1.36,3.66,-22.0,-65.64,4.816,0.095,-6.707,4.315,-4.73,-0.007,-5.951,6.084,-2.36,3.0,1.6,3.3,1.15,-0.27,-0.27,1.65
12.489,-1.36,3.56,-22.13,-64.4,1.36,3.66,-22.0,-65.64,4.617,0.068,-6.717,4.462,-4.75,0.072,-5.571,5.972,1.94,-3.27,-3.64,3.04,0.69,-1.12,-1.82,4.23
12.54,-1.36,3.56,-22.12,-64.41,1.36,3.66,-22.0,-65.64,4.793,0.211,-6.638,4.343,-4.668,0.083,-5.654,6.047,1.79,-1.12,-2.34,5.78,-1.98,2.06,-0.49,-0.46
12.59,-1.36,3.57,-22.12,-64.41,1.36,3.66,-22.0,-65.64,4.871,0.175,-6.511,4.364,-4.637,-0.009,-5.725,6.047,-0.79,-0.44,-0.24,-1.45,0.59,1.12,1.38,1.37
12.64,-1.35,3.57,-22.12,-64.41,1.37,3.65,-22.0,-65.64,4.844,0.115,-6.698,4.411,-4.641,0.133,-5.461,5.977,3.75,-0.06,0.55,-2.1,2.56,-2.62,0.68,-0.83
12.691,-1.37,3.57,-22.12,-64.41,1.36,3.66,-22.0,-65.64,4.898,0.206,-6.853,4.268,-4.969,-0.038,-5.687,6.061,-5.7,0.52,-0.44,-0.55,0.5,-1.7,-1.01,0.85
12.741,-1.36,3.57,-22.12,-64.41,1.37,3.66,-22.0,-65.64,4.824,0.09,-6.649,4.366,-4.938,0.085,-5.743,6.005,0.41,1.49,2.3,-2.53,1.91,0.15,-0.05,-1.1
12.792,-1.36,3.56,-22.12,-64.41,1.37,3.66,-22.0,-65.64,4.77,0.19,-6.634,4.317,-4.961,-0.022,-5.568,6.098,2.48,-1.45,1.34,-1.34,1.51,-1.5,-0.53,1.0
12.842,-1.36,3.57,-22.12,-64.41,1.36,3.67,-22.0,-65.64,4.723,0.205,-6.866,4.296,-4.734,0.019,-5.693,5.991,2.37,-0.3,1.69,0.08,-1.2,3.06,1.32,-0.56
12.893,-1.36,3.57,-22.12,-64.41,1.36,3.66,-22.0,-65.64,4.82,0.295,-6.565,4.369,-4.793,-0.019,-5.57,6.108,-2.37,0.95,0.15,-4.31,1.03,-1.15,-1.39,3.95
12.943,-1.36,3.57,-22.12,-64.41,1.36,3.66,-22.0,-65.64,4.832,0.14,-6.674,4.359,-4.629,0.042,-5.866,6.098,-2.11,0.22,1.82,1.71,-0.23,1.64,0.16,-0.31
12.994,-1.36,3.57,-22.12,-64.41,1.36,3.66,-22.0,-65.64,4.551,0.169,-6.607,4.409,-4.941,0.004,-5.77,5.925,-0.79,-0.17,1.05,-1.36,-3.29,-1.29,-0.82,1.64
13.044,-1.36,3.57,-22.12,-64.41,1.36,3.66,-22.0,-65.64,4.531,0.213,-6.831,4.261,-5.062,0.055,-5.94,5.925,1.94,3.28,0.21,1.05,-1.31,-1.53,0.1,-0.23
13.095,-1.36,3.56,-22.12,-64.41,1.36,3.66,-22.0,-65.64,4.695,0.105,-6.891,4.336,-4.637,0.015,-5.85,6.033,-2.43,-2.94,-2.12,4.11,0.64,0.33,2.07,0.96
13.146,-1.36,3.56,-22.12,-64.41,1.36,3.66,-22.0,-65.64,4.875,0.167,-6.802,4.308,-4.75,0.088,-5.603,6.052,1.32,-1.83,0.57,-0.79,0.42,1.22,1.38,-3.19
13.196,-1.36,3.56,-22.12,-64.41,1.36,3.66,-22.0,-65.64,4.605,0.207,-6.848,4.343,-4.914,0.054,-6.064,5.836,-1.3,-1.02,0.51,-3.26,-2.55,-1.39,1.4,-6.52
13.247,-1.36,3.57,-22.12,-64.41,1.36,3.66,-22.0,-65.64,4.777,0.163,-6.661,4.355,-4.633,0.018,-5.66,5.883,-2.18,1.43,2.35,-3.99,-2.39,0.53,-0.85,3.91
13.297,-1.36,3.57,-22.12,-64.41,1.36,3.65,-22.0,-65.64,4.688,0.071,-6.874,4.305,-4.793,-0.002,-5.781,6.108,-1.05,-0.22,-2.14,-0.76,-0.67,-3.25,-2.26,2.31
13.348,-1.36,3.57,-22.12,-64.41,1.36,3.66,-22.0,-65.64,4.559,0.233,-6.911,4.298,-4.969,-0.056,-5.782,6.019,-2.32,0.67,0.35,2.8,-1.76,1.27,-1.72,1.07
13.399,-1.36,3.56,-22.11,-64.42,1.36,3.66,-22.0,-65.64,4.648,0.06,-6.763,4.399,-5.055,0.061,-5.877,6.023,0.05,-1.35,2.13,-4.92,-1.42,0.28,0.0,0.22
13.449,-1.36,3.56,-22.12,-64.41,1.35,3.66,-22.0,-65.64,4.852,0.124,-6.741,4.416,-4.641,-0.014,-5.967,5.962,1.15,-1.4,0.62,-2.56,-3.36,0.96,1.99,-3.95
13.5,-1.37,3.56,-22.12,-64.41,1.37,3.65,-22.0,-65.64,4.629,0.106,-6.691,4.277,-5.09,0.009,-5.905,5.925,-4.05,-1.64,-1.14,0.3,1.65,-3.56,1.49,-1.52
13.55,-1.36,3.56,-22.12,-64.41,1.36,3.66,-22.0,-65.64,4.676,0.233,-6.661,4.296,-4.699,0.102,-5.899,6.019,-0.21,-3.46,1.98,-1.15,-0.54,1.8,-1.99,0.55
13.601,-1.35,3.58,-22.12,-64.41,1.36,3.66,-22.0,-65.64,4.461,0.047,-6.969,4.287,-4.82,0.118,-5.702,6.098,3.32,4.36,0.21,0.65,-2.56,1.92,1.41,-1.43
13.652,-1.36,3.57,-22.12,-64.41,1.36,3.66,-22.0,-65.64,4.539,0.184,-6.645,4.254,-4.82,-0.065,-5.685,6.075,-2.7,3.87,0.89,-0.25,0.52,-1.78,0.16,-0.41
13.702,-1.36,3.57,-22.12,-64.41,1.36,3.65,-22.0,-65.64,4.906,0.239,-6.466,4.35,-4.504,0.061,-5.811,6.066,2.2,3.49,-1.02,5.83,-1.49,-2.62,-0.74,-0.78
13.753,-1.37,3.57,-22.12,-64.41,1.36,3.67,-22.0,-65.64,4.996,0.353,-6.689,4.28,-4.996,0.169,-5.96,5.888,-2.72,0.49,-0.46,-0.13,-2.33,3.07,-1.25,3.8
13.803,-1.36,3.56,-22.12,-64.41,1.36,3.66,-22.0,-65.64,4.684,0.225,-6.749,4.355,-4.586,0.069,-5.846,5.972,-2.6,-4.71,0.74,-4.6,-0.35,2.38,1.5,-0.5
13.854,-1.36,3.57,-22.12,-64.41,1.37,3.67,-22.0,-65.64,4.672,0.069,-6.783,4.28,-4.969,0.111,-5.781,5.803,-0.6,2.21,0.91,2.31,1.42,3.2,2.54,-0.5
13.904,-1.36,3.57,-22.12,-64.41,1.36,3.66,-22.0,-65.64,4.969,0.121,-6.805,4.38,-4.762,0.076,-5.857,5.991,-0.11,2.36,0.68,0.33,-1.24,0.11,-0.4,0.84
13.955,-1.35,3.56,-22.12,-64.41,1.36,3.66,-22.0,-65.64,4.754,0.224,-6.653,4.38,-4.922,0.117,-5.754,6.094,3.23,-2.05,-2.04,1.39,-0.23,0.88,0.74,-3.28
14.006,-1.36,3.56,-22.13,-64.4,1.36,3.66,-22.0,-65.64,4.715,0.19,-6.612,4.298,-4.938,0.048,-5.658,6.061,1.73,-2.87,-3.01,4.08,-2.33,-0.35,-1.94,3.37
14.057,-1.35,3.57,-22.12,-64.41,1.37,3.67,-22.0,-65.64,4.625,0.002,-6.704,4.305,-4.902,-0.124,-5.786,6.033,3.3,1.08,-0.92,0.61,2.06,2.17,0.92,-1.91
14.108,-1.36,3.56,-22.12,-64.41,1.36,3.66,-22.0,-65.64,4.641,0.188,-6.789,4.385,-4.711,0.011,-6.089,5.934,-1.86,-1.21,-0.46,0.32,-0.44,-1.53,-1.07,3.24
14.158,-1.36,3.57,-22.12,-64.41,1.37,3.66,-22.0,-65.64,4.844,0.144,-6.807,4.296,-4.832,0.054,-5.7,6.019,-0.59,2.02,1.36,-3.82,1.95,-1.1,-1.68,-0.99
14.209,-1.36,3.56,-22.12,-64.41,1.37,3.66,-22.0,-65.64,4.582,0.106,-6.659,4.369,-4.844,-0.041,-6.016,5.948,-0.8,-1.15,-0.2,2.17,5.34,-0.83,-2.29,1.52
14.259,-1.36,3.56,-22.12,-64.41,1.37,3.66,-22.0,-65.64,4.785,0.28,-6.42,4.385,-4.738,-0.086,-5.945,6.037,2.02,-2.1,2.45,-3.02,2.32,-1.66,0.72,-3.85
14.31,-1.36,3.56,-22.12,-64.41,1.36,3.67,-22.0,-65.64,4.75,0.299,-6.844,4.359,-4.648,0.034,-5.835,6.042,-1.28,-1.52,0.1,1.58,-0.82,2.87,0.94,-0.24
14.36,-1.36,3.57,-22.12,-64.41,1.36,3.66,-22.0,-65.64,4.707,0.077,-6.668,4.289,-4.605,0.02,-5.6,6.019,0.67,3.29,0.68,0.76,0.44,-1.64,1.3,0.79
14.411,-1.36,3.56,-22.12,-64.41,1.36,3.66,-22.0,-65.64,4.48,0.223,-6.736,4.198,-4.488,-0.048,-5.843,5.958,0.43,-2.44,0.06,-1.46,0.95,-0.46,-1.09,2.19
14.461,-1.36,3.57,-22.12,-64.41,1.36,3.66,-22.0,-65.64,4.664,0.245,-6.716,4.341,-4.758,0.057,-5.704,6.08,0.87,1.43,-0.01,-0.39,-1.24,0.36,1.26,-1.11
14.512,-1.36,3.56,-22.12,-64.41,1.37,3.66,-22.0,-65.64,4.855,0.185,-6.638,4.331,-4.922,0.016,-5.755,5.958,2.97,-4.55,-0.96,1.73,2.52,-0.34,-1.64,3.25
14.562,-1.36,3.56,-22.12,-64.41,1.37,3.67,-22.0,-65.64,4.766,0.221,-6.812,4.221,-4.684,0.048,-5.632,6.005,1.06,-2.66,-1.5,0.87,2.0,3.25,0.07,-0.25
14.612,-1.36,3.57,-22.12,-64.41,1.36,3.66,-22.0,-65.64,4.562,0.243,-6.744,4.266,-4.801,0.016,-6.021,5.991,-0.05,1.67,1.78,-6.41,-0.67,-1.46,-2.27,3.25
14.663,-1.36,3.56,-22.12,-64.41,1.37,3.66,-21.98,-65.66,4.707,0.166,-6.809,4.254,-4.848,0.05,-5.595,6.089,0.3,-1.52,0.38,-2.3,1.76,-0.24,3.99,-2.78
14.713,-1.36,3.58,-22.12,-64.41,1.36,3.66,-22.0,-65.64,4.688,0.098,-6.633,4.371,-4.777,0.186,-5.834,5.92,1.95,4.44,0.86,2.7,-0.65,1.59,1.17,-0.6
14.764,-1.36,3.57,-22.12,-64.41,1.36,3.66,-22.0,-65.64,4.816,0.099,-6.653,4.345,-4.984,-0.01,-6.199,5.859,-0.63,0.4,0.7,-0.97,-3.09,-0.55,1.98,-2.74
14.815,-1.36,3.56,-22.12,-64.41,1.36,3.66,-22.0,-65.64,4.836,0.275,-6.737,4.32,-4.777,0.01,-5.828,6.014,-2.51,-2.24,0.72,1.96,1.31,-2.24,-1.82,3.18
14.865,-1.36,3.57,-22.12,-64.41,1.36,3.65,-22.0,-65.64,4.695,0.456,-6.366,4.533,-4.793,0.142,-5.81,5.92,-2.29,1.11,0.85,-2.05,-2.29,-1.77,-1.94,1.64
14.916,-1.36,3.57,-22.12,-64.41,1.36,3.66,-22.0,-65.64,4.449,0.199,-6.819,4.413,-4.5,-0.08,-6.04,5.761,0.62,3.29,-1.15,1.35,0.8,-1.85,1.13,-1.49
14.966,-1.36,3.57,-22.12,-64.41,1.37,3.66,-22.0,-65.64,4.742,0.165,-6.836,4.28,-4.664,0.077,-6.082,6.023,-2.21,0.25,-0.39,0.79,4.31,1.94,-2.21,2.83
15.017,-1.36,3.56,-22.12,-64.41,1.36,3.66,-22.0,-65.64,4.656,0.122,-6.621,4.324,-4.797,-0.026,-5.891,6.009,0.78,-1.68,0.15,-0.44,-1.05,-1.25,0.27,1.89
15.067,-1.36,3.57,-22.12,-64.41,1.36,3.65,-22.0,-65.64,4.602,0.221,-6.82,4.359,-4.805,-0.162,-5.469,6.103,1.95,0.74,-0.25,2.6,-1.11,-2.55,-0.76,-0.02
15.118,-1.36,3.56,-22.12,-64.41,1.36,3.66,-22.0,-65.64,4.867,0.267,-6.864,4.345,-4.73,0.004,-5.81,6.084,-2.04,-2.61,-2.07,0.32,0.22,-1.45,-1.01,1.11
15.168,-1.36,3.57,-22.12,-64.41,1.37,3.66,-22.0,-65.64,4.566,0.043,-6.84,4.392,-4.641,-0.024,-5.885,5.962,-1.29,0.08,0.2,-0.36,4.58,-0.54,2.41,-1.19
15.219,-1.36,3.56,-22.12,-64.41,1.36,3.66,-22.0,-65.64,4.703,0.182,-6.709,4.301,-4.52,-0.013,-5.791,6.009,-2.29,-2.92,0.04,2.02,-0.31,-1.94,-0.99,3.8
15.27,-1.36,3.56,-22.12,-64.41,1.36,3.66,-22.0,-65.64,4.652,0.075,-6.545,4.359,-4.625,0.138,-6.009,5.827,1.72,-1.15,1.92,-2.33,0.7,0.6,2.5,-3.4
15.32,-1.36,3.57,-22.12,-64.41,1.37,3.67,-22.0,-65.64,4.828,0.24,-6.763,4.305,-4.809,0.002,-5.767,5.911,1.85,0.04,0.23,0.91,1.94,2.81,0.34,-0.34
15.371,-1.35,3.57,-22.12,-64.41,1.35,3.66,-22.0,-65.64,4.695,0.271,-6.625,4.362,-4.66,-0.106,-5.854,5.953,5.2,3.48,-0.98,0.3,-3.3,-0.54,0.12,-1.63
15.421,-1.36,3.57,-22.12,-64.41,1.36,3.66,-22.0,-65.64,4.797,0.179,-6.647,4.404,-4.562,0.124,-5.839,5.967,2.19,-0.09,0.46,-2.97,0.79,-1.31,-0.91,-2.83
15.472,-1.35,3.56,-22.12,-64.41,1.36,3.66,-22.0,-65.64,4.832,0.194,-6.638,4.448,-4.707,0.009,-5.675,6.061,3.75,-3.12,-0.36,2.75,-0.53,1.91,-1.11,1.97
15.522,-1.36,3.57,-22.11,-64.42,1.36,3.66,-22.0,-65.64,4.887,0.044,-6.652,4.364,-5.023,0.067,-5.7,5.995,-2.13,1.21,2.37,-2.56,-0.77,1.7,1.13,0.07
15.573,-1.36,3.56,-22.12,-64.41,1.35,3.66,-22.0,-65.64,5.031,0.197,-6.892,4.282,-4.887,0.044,-5.852,6.159,-0.02,-1.3,1.47,-2.21,-5.65,0.02,-0.13,2.66
15.623,-1.36,3.56,-22.12,-64.41,1.37,3.67,-22.0,-65.64,4.793,0.224,-6.667,4.32,-4.668,-0.013,-5.576,6.084,-0.88,-2.47,-0.14,1.37,3.53,2.94,-1.84,3.4
15.674,-1.36,3.57,-22.12,-64.41,1.36,3.66,-22.0,-65.64,4.91,0.227,-6.444,4.448,-4.746,-0.013,-5.771,6.07,-2.54,0.74,-0.63,-0.65,-3.1,-1.6,-1.47,1.01
15.724,-1.36,3.57,-22.12,-64.41,1.37,3.66,-22.0,-65.64,4.605,0.153,-6.64,4.376,-4.801,-0.02,-5.761,5.911,-1.28,0.04,0.46,0.39,2.18,0.98,1.47,-0.72
15.774,-1.36,3.56,-22.12,-64.41,1.36,3.66,-22.0,-65.64,4.832,0.191,-6.723,4.369,-4.895,0.087,-5.707,5.93,-0.43,-2.61,1.67,-3.4,-3.07,0.23,-0.62,-1.43
15.825,-1.35,3.56,-22.12,-64.41,1.36,3.65,-22.0,-65.64,4.551,0.299,-7.049,4.23,-4.816,-0.022,-5.75,5.962,3.26,-2.7,-0.5,-0.38,0.27,-3.01,-0.74,1.39
15.875,-1.35,3.56,-22.12,-64.41,1.36,3.66,-22.0,-65.64,4.512,0.207,-6.799,4.322,-4.723,0.035,-5.498,6.15,4.29,-0.83,-0.18,-1.77,0.71,-0.17,-0.35,3.71
15.926,-1.36,3.57,-22.12,-64.41,1.37,3.66,-22.0,-65.64,4.473,0.068,-6.814,4.336,-4.645,-0.097,-5.639,6.08,1.29,1.17,-0.4,1.03,3.82,1.29,0.4,0.67
15.977,-1.36,3.56,-22.12,-64.41,1.36,3.67,-22.0,-65.64,4.555,0.038,-6.832,4.301,-4.98,-0.069,-5.326,6.07,1.83,-1.87,0.83,0.47,-2.54,2.45,-0.81,2.39
16.028,-1.36,3.56,-22.12,-64.41,1.36,3.66,-22.0,-65.64,4.82,0.151,-6.582,4.345,-4.945,0.047,-5.868,5.962,-0.83,-1.31,0.83,-1.08,0.56,-0.83,-2.06,2.07
16.078,-1.36,3.56,-22.12,-64.41,1.36,3.66,-22.0,-65.64,4.82,0.151,-6.582,4.345,-4.945,0.047,-5.868,5.962,-0.83,-1.31,0.83,-1.08,0.56,-0.83,-2.06,2.07
16.129,-1.36,3.56,-22.12,-64.41,1.36,3.66,-22.0,-65.64,4.602,0.155,-6.709,4.324,-4.844,-0.084,-5.871,6.047,1.6,-1.37,-0.18,-1.75,0.34,-0.49,2.22,-1.02
16.179,-1.36,3.56,-22.12,-64.41,1.36,3.66,-22.0,-65.64,5.109,0.125,-6.581,4.352,-4.762,0.109,-5.583,6.112,1.51,-1.81,-0.01,-3.28,-1.94,0.32,0.54,-3.08
16.23,-1.36,3.57,-22.12,-64.41,1.36,3.67,-22.0,-65.64,4.789,0.158,-6.827,4.282,-4.648,0.083,-5.434,6.103,1.01,0.45,-0.38,-2.7,-2.0,2.7,0.21,2.08
16.28,-1.36,3.57,-22.12,-64.41,1.36,3.66,-22.0,-65.64,4.75,0.214,-6.636,4.327,-4.598,0.061,-6.169,5.948,2.44,0.31,-2.21,3.69,0.94,-0.94,2.08,-1.14
16.331,-1.36,3.57,-22.12,-64.41,1.36,3.66,-22.0,-65.64,4.641,0.23,-6.684,4.343,-4.746,-0.038,-5.747,5.948,-1.47,2.68,-1.43,2.49,0.62,-1.49,0.48,-0.42
16.381,-1.36,3.56,-22.12,-64.41,1.36,3.65,-22.0,-65.64,4.766,0.099,-6.77,4.298,-4.602,0.103,-5.441,6.084,-2.14,-3.05,-2.54,0.66,-0.5,-2.91,-1.49,4.0
16.432,-1.35,3.56,-22.12,-64.41,1.37,3.66,-22.0,-65.64,4.586,0.246,-6.657,4.341,-4.988,0.062,-5.934,5.902,3.31,-1.04,0.73,-3.49,1.99,0.18,-0.1,0.64
16.483,-1.36,3.57,-22.12,-64.41,1.37,3.65,-22.0,-65.64,4.535,0.156,-6.741,4.31,-4.703,0.112,-5.79,6.075,-2.62,1.89,-2.25,5.41,2.34,-5.59,1.24,-3.32
16.533,-1.36,3.57,-22.12,-64.41,1.36,3.66,-22.0,-65.64,4.992,0.227,-6.964,4.291,-4.438,0.107,-5.709,6.08,-0.05,0.65,0.73,-0.84,-0.44,1.9,-0.61,-0.68
16.584,-1.36,3.58,-22.12,-64.41,1.35,3.66,-22.0,-65.64,4.57,0.109,-6.824,4.268,-4.57,0.107,-5.73,6.07,-1.36,4.49,0.67,1.46,-5.24,0.43,-1.81,1.67
16.634,-1.36,3.57,-22.12,-64.41,1.36,3.66,-22.0,-65.64,4.824,0.337,-6.702,4.32,-4.688,0.053,-5.698,5.962,0.19,1.03,0.51,-0.36,-0.98,-1.23,1.56,-4.58
16.685,-1.36,3.58,-22.12,-64.41,1.36,3.66,-22.0,-65.64,4.836,0.18,-6.722,4.317,-4.633,-0.012,-5.947,5.953,2.4,4.27,-0.01,1.84,0.85,0.82,0.65,-3.58
16.736,-1.36,3.57,-22.12,-64.41,1.36,3.66,-22.0,-65.64,4.77,0.147,-6.458,4.446,-4.832,0.038,-5.627,6.08,2.21,3.12,-1.24,4.94,-0.54,0.63,-1.21,-2.34
16.787,-1.36,3.56,-22.12,-64.41,1.37,3.66,-22.0,-65.64,4.742,0.236,-6.788,4.345,-4.742,-0.003,-5.652,6.155,-1.21,-0.82,-0.0,3.22,1.61,-0.82,-0.01,2.57
16.837,-1.36,3.56,-22.12,-64.41,1.36,3.65,-22.0,-65.64,4.766,0.197,-6.635,4.369,-4.754,0.06,-5.988,6.0,-2.71,-3.15,0.28,2.63,-0.31,-2.81,-3.25,2.77
16.888,-1.36,3.55,-22.12,-64.41,1.36,3.66,-22.0,-65.64,4.855,0.171,-6.641,4.287,-4.922,0.002,-5.756,6.009,2.14,-5.72,0.95,-1.61,-1.4,-1.86,-1.54,0.36
16.938,-1.36,3.56,-22.12,-64.41,1.36,3.66,-21.98,-65.66,4.805,0.138,-6.698,4.388,-4.93,0.243,-5.855,6.098,2.58,-1.56,-1.42,2.3,0.12,1.02,3.5,-2.03
16.989,-1.36,3.56,-22.12,-64.41,1.37,3.67,-22.0,-65.64,4.953,0.181,-6.688,4.392,-4.457,0.024,-5.897,6.033,0.88,-2.6,0.78,0.2,5.48,3.31,1.3,1.38
17.04,-1.36,3.57,-22.12,-64.41,1.36,3.66,-22.0,-65.64,4.699,0.097,-6.518,4.439,-4.836,0.062,-6.0,5.906,-0.82,-0.57,-1.56,4.37,-2.06,1.38,1.16,-3.57
17.09,-1.36,3.56,-22.12,-64.41,1.36,3.66,-22.0,-65.64,4.668,0.269,-6.552,4.282,-4.785,-0.007,-5.741,6.042,2.33,-4.41,0.32,0.38,0.79,1.58,-0.92,0.93
17.141,-1.36,3.57,-22.12,-64.41,1.36,3.66,-22.0,-65.64,4.57,0.289,-6.532,4.308,-4.832,0.124,-5.769,6.061,0.53,2.02,-0.89,-1.28,-2.79,0.31,0.13,-1.73
17.191,-1.36,3.56,-22.12,-64.41,1.36,3.66,-22.0,-65.64,4.734,0.174,-6.812,4.409,-4.652,0.096,-5.787,5.967,-0.67,-2.74,-1.2,1.0,-0.35,0.26,0.0,-1.49
17.242,-1.36,3.57,-22.12,-64.41,1.36,3.66,-22.0,-65.64,4.699,0.276,-6.875,4.24,-4.602,0.091,-5.889,6.0,2.28,1.42,-0.74,1.37,0.23,0.18,2.82,-3.32
17.292,-1.36,3.57,-22.12,-64.41,1.36,3.66,-22.0,-65.64,4.613,0.22,-6.816,4.247,-4.543,0.123,-5.782,5.925,1.05,0.56,-0.07,-1.65,-2.05,-0.81,0.23,-1.99
17.343,-1.36,3.57,-22.12,-64.41,1.36,3.66,-22.0,-65.64,4.645,0.257,-6.721,4.359,-4.73,0.07,-5.947,5.906,0.44,1.81,-0.17,-2.64,-2.34,0.2,0.39,1.12
17.393,-1.36,3.56,-22.12,-64.41,1.36,3.66,-22.0,-65.64,4.766,0.305,-6.633,4.312,-4.855,0.184,-5.658,6.037,-1.09,-2.08,-1.79,3.74,-1.56,2.38,0.12,4.05
17.444,-1.36,3.57,-22.12,-64.41,1.36,3.66,-22.0,-65.64,4.73,0.201,-6.813,4.237,-4.656,-0.0,-5.73,5.836,-0.65,2.19,0.83,0.92,-1.9,-1.26,-2.21,0.18
17.494,-1.36,3.57,-22.12,-64.41,1.37,3.66,-22.0,-65.64,4.867,0.183,-6.671,4.362,-4.973,0.046,-5.748,5.953,2.62,1.92,-1.31,1.26,2.87,-0.15,0.21,0.65
17.545,-1.36,3.57,-22.12,-64.41,1.37,3.66,-22.0,-65.64,4.461,0.092,-6.826,4.312,-4.812,0.002,-5.782,5.948,-0.38,2.17,-0.15,-1.99,5.09,0.05,0.58,-2.35
17.595,-1.36,3.57,-22.12,-64.41,1.37,3.66,-22.0,-65.64,4.781,0.138,-6.805,4.357,-4.68,0.023,-5.95,6.009,1.27,1.67,-1.13,3.45,1.89,1.81,0.45,-2.07
17.646,-1.36,3.56,-22.12,-64.41,1.36,3.65,-22.0,-65.64,4.566,0.237,-6.645,4.395,-4.75,-0.032,-6.038,5.869,2.12,-1.48,-0.14,2.0,0.7,-6.08,0.95,-1.49
17.696,-1.35,3.58,-22.12,-64.41,1.37,3.65,-22.0,-65.64,4.656,0.245,-6.945,4.317,-4.613,-0.132,-5.968,6.014,3.44,5.32,-0.31,1.98,4.89,-3.11,-2.2,0.77
17.747,-1.37,3.56,-22.12,-64.41,1.36,3.66,-22.0,-65.64,4.844,0.298,-6.642,4.303,-4.77,-0.082,-5.959,6.023,-2.95,-3.2,1.15,-0.47,-1.3,-0.63,-0.25,1.44
17.797,-1.36,3.57,-22.12,-64.41,1.36,3.66,-22.0,-65.64,4.801,0.031,-6.533,4.371,-4.777,0.014,-5.612,5.995,2.06,3.38,-0.74,-1.05,0.17,1.02,-2.6,-0.04
17.848,-1.36,3.56,-22.12,-64.41,1.37,3.66,-22.0,-65.64,4.77,0.147,-6.825,4.378,-4.754,-0.032,-5.674,6.033,-1.02,-1.28,-0.61,0.63,4.24,1.47,-1.52,-2.13
17.899,-1.36,3.56,-22.12,-64.41,1.36,3.66,-22.0,-65.64,4.824,0.321,-6.676,4.298,-4.672,0.002,-5.618,6.019,-1.65,-0.22,-0.41,1.14,-2.0,-1.52,-0.85,0.83
17.949,-1.36,3.57,-22.12,-64.41,1.36,3.66,-22.0,-65.64,4.656,0.218,-6.797,4.359,-4.578,0.011,-5.653,6.112,-0.68,0.96,-1.48,3.8,-2.34,1.25,1.13,0.49
18.0,-1.36,3.55,-22.12,-64.41,1.37,3.66,-22.0,-65.64,4.621,0.173,-6.625,4.409,-4.711,0.032,-5.612,6.042,1.05,-5.14,-1.9,2.87,2.32,0.37,-1.14,0.31
18.05,-1.36,3.56,-22.12,-64.41,1.36,3.66,-22.0,-65.64,4.715,0.104,-6.715,4.395,-4.461,-0.052,-5.814,5.958,1.08,-1.49,0.67,-3.14,1.12,1.44,-0.75,-4.65
18.101,-1.36,3.56,-22.12,-64.41,1.37,3.65,-22.0,-65.64,4.676,0.273,-6.616,4.294,-4.965,0.09,-5.797,5.986,-1.14,-2.04,0.66,-0.47,2.54,-3.59,-1.15,2.5
18.151,-1.36,3.57,-22.11,-64.42,1.36,3.66,-22.0,-65.64,4.777,0.231,-6.686,4.277,-4.738,0.055,-5.515,6.052,2.79,0.44,2.68,-1.13,-1.02,1.46,1.36,0.47
18.202,-1.36,3.57,-22.12,-64.41,1.36,3.66,-22.0,-65.64,4.914,0.172,-6.554,4.327,-4.891,-0.046,-5.907,6.052,-2.66,1.15,0.89,-1.82,-2.73,-2.32,0.99,-3.35
18.252,-1.36,3.56,-22.12,-64.41,1.36,3.65,-22.0,-65.64,4.668,0.163,-6.745,4.247,-4.855,0.055,-5.714,6.028,-1.39,-1.88,0.77,-3.78,0.34,-5.88,-0.88,1.45
18.303,-1.36,3.56,-22.12,-64.41,1.36,3.66,-22.0,-65.64,4.594,0.188,-6.798,4.223,-4.852,0.061,-6.087,5.925,-0.92,-0.96,0.17,-4.2,-0.5,-1.2,-1.78,1.62
18.353,-1.35,3.57,-22.11,-64.42,1.37,3.66,-22.0,-65.64,4.75,0.106,-6.66,4.362,-4.77,0.002,-5.578,5.883,3.05,-0.48,2.69,-1.46,1.91,-1.78,-1.82,0.82
18.404,-1.36,3.56,-22.12,-64.41,1.36,3.66,-22.0,-65.64,4.645,0.185,-6.686,4.383,-4.676,0.012,-5.737,6.169,1.89,-2.75,1.42,-3.38,0.8,-1.81,0.8,1.25
18.455,-1.37,3.58,-22.12,-64.41,1.36,3.66,-22.0,-65.64,4.613,0.139,-6.694,4.263,-4.703,-0.072,-5.699,5.991,-4.14,4.31,0.95,0.39,0.82,-1.76,-2.02,3.43
18.506,-1.36,3.56,-22.12,-64.41,1.36,3.66,-22.0,-65.64,4.934,0.172,-6.643,4.366,-4.664,-0.023,-5.66,5.977,-2.35,-3.1,0.03,-1.84,-0.29,-0.54,0.97,-0.1
18.556,-1.36,3.56,-22.12,-64.41,1.36,3.66,-22.0,-65.64,4.672,0.241,-6.645,4.336,-4.84,0.062,-5.934,6.019,-0.7,-3.0,0.3,-3.74,-2.37,2.64,2.18,-1.78
18.608,-1.36,3.57,-22.12,-64.41,1.37,3.66,-22.0,-65.64,4.875,0.217,-6.908,4.219,-4.566,0.06,-5.918,6.07,0.52,1.7,-0.56,-0.99,4.0,1.46,0.29,3.41
18.658,-1.35,3.57,-22.12,-64.41,1.36,3.65,-22.0,-65.64,4.766,0.166,-6.705,4.404,-4.844,0.231,-5.898,5.967,6.27,2.17,-2.66,2.85,-0.61,-1.48,-1.18,2.91
18.709,-1.35,3.57,-22.12,-64.41,1.37,3.67,-22.0,-65.64,4.922,0.196,-6.684,4.437,-4.453,0.002,-5.704,6.009,3.73,1.54,-0.61,2.42,5.19,4.18,-0.55,-0.72
18.759,-1.37,3.56,-22.12,-64.41,1.37,3.65,-22.0,-65.64,4.59,0.218,-6.686,4.336,-4.66,0.076,-5.963,6.061,-3.91,-1.5,0.83,1.9,2.22,-3.78,1.42,-1.75
18.81,-1.36,3.57,-22.12,-64.41,1.37,3.65,-22.0,-65.64,4.816,0.262,-6.627,4.453,-4.914,0.001,-5.577,6.112,0.47,1.81,-0.27,-0.01,3.0,-1.0,1.05,-1.73
18.86,-1.36,3.57,-22.12,-64.41,1.36,3.66,-22.0,-65.64,4.879,0.127,-6.884,4.237,-4.629,0.003,-6.026,6.033,0.83,4.0,0.26,1.69,-1.88,-0.8,0.2,-2.32
18.911,-1.36,3.56,-22.12,-64.41,1.36,3.66,-22.0,-65.64,4.805,0.268,-6.771,4.327,-4.547,0.078,-5.898,6.084,-0.84,-1.24,-0.72,-0.18,1.3,0.06,0.32,0.43
18.961,-1.36,3.56,-22.12,-64.41,1.35,3.65,-22.0,-65.64,4.824,0.19,-6.751,4.388,-4.559,0.087,-5.805,6.042,1.18,-0.1,-1.68,0.42,-5.99,-5.66,0.38,-0.54
19.012,-1.36,3.56,-22.12,-64.41,1.37,3.66,-22.0,-65.64,4.762,0.39,-6.991,4.235,-4.422,0.027,-5.78,6.127,0.14,0.96,-0.88,2.85,2.58,0.71,-0.72,0.79
19.063,-1.36,3.56,-22.13,-64.4,1.36,3.66,-22.0,-65.64,4.742,0.118,-6.886,4.223,-5.074,0.015,-5.716,6.061,1.73,-1.26,-3.9,2.86,0.03,2.86,-1.48,-1.32
19.113,-1.36,3.56,-22.12,-64.41,1.36,3.65,-22.0,-65.64,4.891,0.314,-6.803,4.406,-4.613,0.106,-6.008,5.916,-1.5,-1.52,0.22,1.2,0.5,-1.44,1.38,0.53
19.164,-1.36,3.56,-22.12,-64.41,1.36,3.65,-22.0,-65.64,4.781,0.351,-6.594,4.392,-4.762,0.052,-5.57,6.084,-2.64,-2.64,-0.48,1.98,-1.87,-1.97,-0.4,1.8
19.214,-1.35,3.56,-22.12,-64.41,1.36,3.66,-22.0,-65.64,4.629,0.248,-6.69,4.273,-4.773,0.125,-5.513,6.112,3.1,-1.08,0.49,-2.63,-0.27,-0.26,-3.36,5.4
19.265,-1.37,3.57,-22.12,-64.41,1.35,3.65,-22.0,-65.64,4.684,0.198,-6.696,4.331,-4.793,0.051,-5.486,6.145,-4.36,1.04,1.01,-1.08,-3.08,-1.75,-1.78,-0.24
19.316,-1.36,3.57,-22.12,-64.41,1.37,3.65,-22.0,-65.64,4.66,0.159,-6.906,4.221,-4.762,0.08,-6.081,5.902,1.84,2.84,1.25,-1.75,4.09,-0.91,-1.13,0.96
19.366,-1.36,3.56,-22.12,-64.41,1.36,3.66,-22.0,-65.64,4.699,0.236,-6.725,4.331,-4.723,-0.062,-5.766,6.0,-2.43,-2.58,-0.56,3.34,-0.37,2.36,0.81,-3.81
19.417,-1.36,3.57,-22.12,-64.41,1.36,3.65,-22.0,-65.64,4.617,0.051,-6.852,4.193,-4.719,0.1,-5.723,6.089,2.0,1.89,-0.68,-0.49,1.16,-2.59,0.5,0.39
19.467,-1.36,3.57,-22.12,-64.41,1.36,3.66,-22.0,-65.64,5.02,0.286,-6.749,4.425,-4.734,0.138,-5.914,6.009,1.15,1.97,-0.78,0.62,1.2,0.0,0.23,-1.63
19.518,-1.36,3.56,-22.12,-64.41,1.36,3.65,-22.0,-65.64,4.852,0.26,-6.525,4.385,-4.691,-0.041,-5.605,5.92,-1.2,-2.73,0.51,-2.54,0.55,-1.87,-1.74,-0.46
19.569,-1.36,3.56,-22.12,-64.41,1.36,3.66,-22.0,-65.64,4.84,0.057,-6.814,4.371,-4.879,0.062,-5.702,6.028,-2.09,-2.94,-2.56,3.81,-2.63,-0.18,0.85,-1.09
19.619,-1.36,3.57,-22.11,-64.42,1.36,3.66,-22.0,-65.64,4.672,0.136,-6.39,4.385,-4.762,-0.049,-5.898,5.967,-2.42,2.13,3.81,-2.88,-1.06,-0.4,1.84,0.37
19.67,-1.36,3.56,-22.12,-64.41,1.36,3.66,-22.0,-65.64,4.562,0.155,-6.664,4.369,-4.863,0.117,-5.779,5.981,-0.07,0.36,1.24,1.22,-0.35,2.56,-2.0,-0.18
19.721,-1.36,3.56,-22.11,-64.42,1.36,3.65,-22.0,-65.64,4.895,0.242,-6.784,4.273,-4.777,0.158,-5.859,6.094,-1.69,1.13,3.18,-5.13,1.51,0.05,-0.81,-0.09
19.771,-1.36,3.55,-22.12,-64.41,1.37,3.65,-22.0,-65.64,4.875,0.26,-6.813,4.331,-4.711,0.236,-5.632,6.098,-0.94,0.93,0.23,2.63,3.0,-0.09,1.52,-1.38
19.822,-1.35,3.54,-22.12,-64.46,1.36,3.64,-22.0,-65.69,4.68,0.346,-6.689,4.362,-4.75,0.14,-5.556,5.981,3.35,-1.81,0.25,-2.1,0.4,-0.11,1.0,-1.15
19.872,-1.36,3.54,-22.12,-64.46,1.36,3.64,-22.0,-65.69,4.797,0.094,-6.882,4.444,-4.828,0.149,-6.134,5.878,1.98,-0.31,0.97,-3.1,0.08,-1.4,1.51,-1.66
19.923,-1.36,3.54,-22.12,-64.46,1.36,3.65,-22.0,-65.69,4.887,0.231,-6.812,4.432,-4.992,0.069,-5.782,6.089,-1.61,-0.64,1.3,-1.15,1.22,2.07,1.59,-0.91
19.974,-1.36,3.54,-22.12,-64.46,1.35,3.64,-22.0,-65.69,4.902,0.296,-6.731,4.413,-4.719,0.066,-5.68,6.009,-2.66,-1.91,-2.59,0.8,-3.59,-1.87,1.47,-3.18
20.024,-1.36,3.55,-22.11,-64.47,1.36,3.64,-22.0,-65.69,4.914,0.196,-6.626,4.39,-4.617,0.11,-5.647,6.042,1.68,4.14,3.35,-3.36,-1.77,-0.45,0.46,0.25
20.075,-1.36,3.55,-22.12,-64.46,1.36,3.65,-22.0,-65.69,4.934,0.152,-6.427,4.484,-4.918,0.073,-5.748,6.047,-3.02,3.07,-0.1,-0.19,0.99,2.53,1.32,0.01
20.126,-1.36,3.54,-22.12,-64.46,1.36,3.64,-22.0,-65.69,4.809,0.278,-6.383,4.556,-4.906,0.023,-5.767,6.075,0.03,-0.7,-1.68,0.59,-2.47,-0.18,-0.68,-0.07
20.176,-1.35,3.54,-22.12,-64.46,1.37,3.63,-22.0,-65.69,4.816,0.29,-6.547,4.533,-5.082,0.09,-5.946,6.019,2.56,0.01,-2.19,0.62,2.01,-2.45,1.2,-1.47
20.227,-1.36,3.54,-22.12,-64.46,1.36,3.64,-22.0,-65.69,4.926,0.292,-6.802,4.484,-4.594,0.065,-5.653,6.159,-3.2,2.43,1.19,1.32,-0.23,1.11,-1.05,2.74
20.278,-1.36,3.53,-22.12,-64.46,1.35,3.63,-22.0,-65.69,4.82,0.208,-6.547,4.451,-4.828,0.147,-5.809,6.056,1.24,-1.53,1.24,-2.95,-3.11,-0.93,0.58,-3.3
20.328,-1.36,3.53,-22.11,-64.47,1.37,3.63,-22.0,-65.69,4.836,0.251,-6.69,4.402,-4.746,0.109,-5.629,6.155,-2.71,-1.36,2.28,-0.51,3.21,0.48,-0.62,-0.42
20.379,-1.36,3.54,-22.11,-64.47,1.36,3.62,-22.0,-65.69,4.871,0.348,-6.499,4.528,-4.594,0.119,-5.475,6.267,1.38,4.74,1.66,-0.45,0.61,-2.71,1.34,0.78
20.429,-1.35,3.52,-22.12,-64.51,1.36,3.62,-22.0,-65.69,4.457,0.322,-6.878,4.46,-4.562,0.029,-5.733,6.103,1.56,-0.6,-0.37,1.02,-1.46,1.3,-0.76,0.74
20.48,-1.35,3.51,-22.11,-64.52,1.36,3.62,-22.0,-65.69,4.594,0.404,-6.48,4.559,-4.711,0.146,-5.48,6.145,2.85,-1.89,2.22,-3.63,1.66,0.76,-2.64,3.81
20.53,-1.36,3.51,-22.12,-64.56,1.37,3.61,-22.0,-65.74,4.789,0.191,-6.697,4.523,-4.855,0.161,-5.777,6.141,-1.55,-0.3,0.81,-3.55,2.54,1.3,-1.27,3.94
20.581,-1.36,3.51,-22.12,-64.56,1.36,3.6,-22.0,-65.74,4.82,0.269,-6.716,4.598,-4.918,0.125,-6.045,6.014,-0.06,1.37,-0.75,1.9,-0.08,0.97,-0.27,-0.65
20.631,-1.36,3.5,-22.12,-64.56,1.36,3.6,-22.0,-65.74,4.695,0.202,-6.233,4.706,-4.848,0.175,-5.503,6.145,-2.1,-0.31,-1.3,3.91,0.55,1.97,-0.87,-0.06
20.682,-1.35,3.51,-22.12,-64.62,1.36,3.6,-22.0,-65.74,4.84,0.182,-6.476,4.575,-4.723,0.134,-5.614,6.169,2.46,3.83,-0.26,0.34,1.58,-0.31,-1.12,0.97
20.732,-1.36,3.49,-22.12,-64.62,1.37,3.6,-22.0,-65.74,4.945,0.374,-6.328,4.793,-4.914,0.232,-5.752,5.944,-1.79,-1.91,-1.21,1.66,2.4,2.81,-0.99,0.45
20.783,-1.36,3.49,-22.12,-64.62,1.37,3.6,-22.0,-65.74,4.945,0.374,-6.328,4.793,-4.914,0.232,-5.752,5.944,-1.79,-1.91,-1.21,1.66,2.4,2.81,-0.99,0.45
20.833,-1.35,3.5,-22.12,-64.62,1.36,3.6,-22.0,-65.79,4.535,0.277,-6.274,4.636,-4.816,0.188,-5.445,6.192,1.5,2.72,-1.22,-0.19,-1.71,0.85,0.12,-0.26
20.884,-1.36,3.49,-22.12,-64.67,1.36,3.58,-22.0,-65.79,4.844,0.474,-6.114,4.697,-4.996,0.25,-5.467,6.258,-3.43,-1.24,-3.01,2.98,0.12,-2.29,0.86,-2.43
20.935,-1.36,3.49,-22.12,-64.67,1.35,3.58,-21.98,-65.81,4.711,0.36,-6.354,4.779,-4.664,0.246,-5.668,6.267,-1.57,2.29,-0.49,0.86,-3.86,0.96,3.17,-3.81
20.985,-1.36,3.47,-22.12,-64.67,1.37,3.56,-22.0,-65.79,4.727,0.336,-6.224,4.739,-4.738,0.277,-5.694,6.183,-1.74,-2.19,0.76,-3.0,2.77,-2.61,-0.25,-2.92
21.036,-1.35,3.47,-22.11,-64.73,1.36,3.56,-22.0,-65.79,4.516,0.313,-6.475,4.758,-4.758,0.176,-5.62,6.145,1.41,0.93,2.33,-5.07,2.07,-0.42,-1.37,0.51
21.086,-1.36,3.46,-22.12,-64.72,1.36,3.56,-22.0,-65.85,4.645,0.396,-6.312,4.833,-4.812,0.14,-5.399,6.361,-1.05,-3.43,-0.02,-2.79,1.74,1.1,-0.57,1.12
21.137,-1.36,3.46,-22.12,-64.72,1.35,3.56,-22.0,-65.85,4.762,0.328,-6.061,4.861,-4.844,0.2,-5.673,6.286,-1.54,-0.69,-1.37,-2.44,-3.58,2.04,-0.59,0.55
21.188,-1.36,3.45,-22.11,-64.73,1.36,3.56,-22.0,-65.85,5.16,0.342,-6.195,4.751,-4.664,0.23,-5.577,6.253,-1.26,-4.46,1.67,-0.88,-1.66,1.07,-1.61,0.81
21.238,-1.36,3.46,-22.11,-64.73,1.36,3.55,-22.0,-65.85,4.715,0.391,-6.094,4.875,-4.863,0.162,-5.284,6.347,-0.9,0.79,1.52,0.77,-1.55,-1.58,-0.54,-1.99
21.289,-1.36,3.45,-22.12,-64.77,1.36,3.55,-22.0,-65.85,4.707,0.419,-6.062,4.983,-4.645,0.174,-5.29,6.487,-2.28,-2.73,0.33,-1.22,-1.89,-0.6,0.13,1.28
21.339,-1.36,3.46,-22.12,-64.77,1.36,3.55,-22.0,-65.85,4.602,0.436,-6.063,4.847,-4.676,0.38,-5.47,6.483,-0.63,1.83,-1.55,0.7,-0.72,0.07,-1.28,0.95
21.39,-1.36,3.44,-22.12,-64.77,1.36,3.55,-22.0,-65.85,4.918,0.314,-6.074,4.866,-4.609,0.192,-5.525,6.422,0.8,-2.52,-1.64,2.11,-1.18,-0.07,1.21,-2.66
21.441,-1.36,3.44,-22.12,-64.77,1.35,3.54,-22.0,-65.9,4.863,0.545,-6.084,4.908,-4.676,0.171,-5.482,6.366,1.12,-0.2,-1.82,0.06,-6.79,-0.21,0.05,-2.12
21.491,-1.36,3.44,-22.12,-64.77,1.36,3.53,-22.0,-65.9,4.625,0.474,-5.955,4.931,-4.824,0.316,-5.166,6.553,-0.89,2.86,-0.74,2.62,-1.34,0.64,0.36,0.45
21.542,-1.36,3.42,-22.11,-64.78,1.37,3.53,-22.0,-65.9,4.816,0.438,-5.991,4.978,-5.035,0.166,-5.782,6.3,-2.23,-0.73,1.02,0.39,2.36,1.47,-1.12,3.3
21.592,-1.36,3.43,-22.11,-64.83,1.36,3.52,-22.0,-65.9,4.766,0.316,-6.205,4.969,-5.062,0.343,-5.126,6.417,-0.02,2.28,1.57,-3.75,0.62,0.52,-0.17,-1.66
21.643,-1.35,3.42,-22.12,-64.82,1.36,3.52,-22.0,-65.95,4.891,0.53,-6.095,5.02,-4.719,0.331,-5.258,6.455,1.46,0.84,-2.07,0.39,1.77,-1.1,0.93,-2.2
21.693,-1.35,3.41,-22.12,-64.88,1.35,3.52,-22.0,-65.95,4.852,0.365,-6.087,5.034,-4.73,0.332,-5.46,6.347,3.37,-2.41,-0.36,-2.2,-2.43,-0.01,-1.3,-0.22
21.743,-1.36,3.41,-22.11,-64.89,1.36,3.52,-22.0,-66.0,4.598,0.405,-6.04,5.105,-4.895,0.26,-5.064,6.684,-4.54,-3.09,1.74,-0.16,0.75,-1.85,-0.19,-1.61
21.794,-1.36,3.42,-22.12,-64.88,1.36,3.51,-22.0,-66.0,4.832,0.422,-6.088,5.109,-4.73,0.314,-5.221,6.539,0.73,0.96,-1.57,0.18,-1.7,-4.21,-1.84,4.78
21.844,-1.36,3.42,-22.11,-64.89,1.36,3.52,-21.98,-66.08,4.551,0.445,-6.258,5.016,-4.66,0.408,-5.208,6.534,-1.33,1.96,0.57,-5.28,0.03,0.98,1.77,-2.22
21.895,-1.35,3.41,-22.12,-64.88,1.36,3.52,-21.98,-66.08,4.535,0.299,-5.968,5.03,-4.758,0.223,-5.181,6.567,2.91,-5.4,-1.05,-0.26,1.45,-2.14,2.12,-2.35
21.946,-1.35,3.41,-22.11,-64.89,1.36,3.52,-22.0,-66.05,4.465,0.482,-6.088,5.109,-4.684,0.294,-5.157,6.638,1.06,-2.46,1.87,-3.24,1.82,-2.02,1.0,-1.23
21.996,-1.35,3.42,-22.12,-64.88,1.36,3.52,-22.0,-66.05,4.664,0.329,-6.185,4.936,-4.625,0.278,-5.044,6.628,1.76,0.16,-0.04,0.36,0.75,1.97,-0.12,-0.5
22.047,-1.36,3.42,-22.12,-64.88,1.36,3.52,-22.0,-66.05,4.719,0.587,-6.108,5.048,-4.633,0.256,-5.175,6.661,-3.01,3.29,-1.28,0.17,0.96,1.65,-0.8,-0.49
22.097,-1.35,3.41,-22.12,-64.88,1.36,3.52,-21.98,-66.08,4.703,0.436,-5.743,5.138,-4.609,0.458,-4.956,6.652,1.99,-1.16,-0.91,-0.63,2.17,2.08,2.34,-1.71
22.148,-1.36,3.43,-22.11,-64.89,1.37,3.52,-22.0,-66.05,4.762,0.455,-5.966,5.044,-4.547,0.309,-4.957,6.703,-2.92,5.45,0.77,-1.02,6.15,0.99,0.01,1.33
22.198,-1.35,3.42,-22.12,-64.88,1.36,3.52,-22.0,-66.05,4.582,0.282,-5.87,5.081,-4.828,0.264,-5.02,6.652,1.78,1.72,-4.87,0.11,1.47,1.68,-0.17,-0.77
22.249,-1.35,3.41,-22.12,-64.88,1.36,3.52,-22.0,-66.05,4.777,0.57,-6.047,5.109,-4.488,0.368,-5.154,6.67,1.08,0.31,-0.05,1.94,-0.97,1.07,1.32,0.31
22.3,-1.35,3.41,-22.12,-64.88,1.36,3.51,-22.0,-66.11,4.59,0.43,-6.28,5.034,-5.125,0.377,-5.248,6.647,1.37,-1.24,-2.25,3.25,-1.97,-1.64,0.72,-1.23
22.35,-1.35,3.41,-22.12,-64.88,1.36,3.52,-22.0,-66.11,4.469,0.544,-6.083,5.044,-4.555,0.322,-4.969,6.75,2.48,-1.27,-0.56,2.4,2.17,1.23,-0.56,0.77
22.401,-1.36,3.41,-22.11,-64.94,1.36,3.51,-22.0,-66.11,4.84,0.5,-6.334,4.922,-4.656,0.277,-5.234,6.614,-0.65,2.46,1.32,-1.63,0.48,-0.66,-0.36,0.13
22.452,-1.35,3.41,-22.12,-64.93,1.36,3.51,-21.98,-66.13,4.695,0.465,-6.075,5.105,-4.609,0.428,-5.168,6.656,0.98,2.57,-0.66,2.04,0.36,-2.29,1.89,-0.2
22.502,-1.36,3.41,-22.11,-64.94,1.36,3.52,-22.0,-66.11,4.586,0.448,-6.265,5.02,-4.988,0.332,-4.996,6.787,-0.24,1.62,2.05,-1.57,1.65,3.45,0.37,2.55
22.553,-1.36,3.41,-22.12,-64.93,1.36,3.51,-22.0,-66.16,4.699,0.555,-6.077,4.997,-4.875,0.402,-5.107,6.717,-1.89,2.51,-0.71,-0.41,1.74,1.06,0.12,-1.43
22.603,-1.35,3.41,-22.11,-64.94,1.36,3.5,-22.0,-66.16,4.695,0.431,-5.861,5.161,-4.734,0.293,-5.3,6.67,0.97,2.86,2.07,-2.32,0.31,-2.96,-2.79,1.2
22.654,-1.35,3.4,-22.12,-64.93,1.36,3.5,-22.0,-66.16,4.742,0.564,-5.796,5.255,-4.672,0.191,-5.209,6.75,1.4,1.18,-1.25,0.66,0.6,-0.65,-1.31,2.14
22.704,-1.35,3.4,-22.11,-64.94,1.36,3.49,-22.0,-66.16,4.551,0.583,-6.233,5.081,-4.742,0.368,-4.937,6.811,0.67,2.94,0.67,-4.32,0.94,-2.83,1.08,0.42
22.755,-1.36,3.39,-22.11,-64.94,1.35,3.5,-22.0,-66.16,4.602,0.509,-5.849,5.161,-4.52,0.298,-4.867,6.834,-1.13,1.71,2.01,-5.46,-3.57,1.73,-1.77,0.51
22.805,-1.35,3.39,-22.11,-64.94,1.36,3.49,-22.0,-66.21,4.547,0.429,-5.769,5.17,-4.668,0.129,-4.973,6.839,2.15,3.46,-0.62,2.92,-0.99,-4.16,-0.56,2.25
22.856,-1.35,3.39,-22.11,-64.94,1.36,3.49,-22.0,-66.21,4.57,0.56,-5.815,5.166,-4.625,0.275,-4.825,6.9,2.18,2.45,-0.12,1.97,0.43,-1.64,-1.8,6.41
22.906,-1.35,3.37,-22.11,-64.94,1.36,3.48,-21.98,-66.23,4.703,0.483,-5.992,5.17,-4.434,0.335,-5.038,6.792,1.05,-2.28,0.45,-1.83,-0.24,-2.1,0.9,-2.25
22.957,-1.36,3.37,-22.11,-64.94,1.35,3.48,-22.0,-66.21,4.781,0.449,-6.114,5.072,-4.707,0.312,-5.122,6.802,-0.18,0.43,-1.25,2.31,-5.84,-0.29,-1.99,2.94
23.007,-1.35,3.37,-22.11,-64.99,1.36,3.48,-22.0,-66.21,4.789,0.398,-5.829,5.128,-4.785,0.343,-4.975,6.82,0.37,0.2,-0.03,0.05,2.2,0.58,-0.97,-0.53
23.058,-1.36,3.36,-22.11,-64.99,1.36,3.48,-22.0,-66.21,4.645,0.583,-5.563,5.259,-4.754,0.392,-4.861,6.952,-1.14,-2.81,1.46,-1.53,1.86,1.83,-1.39,-1.82
23.109,-1.36,3.37,-22.11,-64.99,1.36,3.48,-21.98,-66.23,4.75,0.568,-6.08,5.217,-4.746,0.276,-5.262,6.844,-2.4,3.57,1.42,-2.56,1.22,1.7,2.26,-2.28
23.159,-1.35,3.37,-22.11,-64.99,1.36,3.47,-22.0,-66.21,4.797,0.529,-6.122,5.105,-4.625,0.42,-4.796,6.905,3.56,2.09,2.45,0.25,-1.14,-0.5,-0.58,2.22
23.21,-1.36,3.35,-22.11,-64.99,1.36,3.47,-21.98,-66.23,4.648,0.392,-6.061,5.095,-4.793,0.409,-5.386,6.825,-1.58,-3.57,-1.24,2.64,1.02,1.75,0.4,-2.45
23.261,-1.36,3.36,-22.11,-64.99,1.36,3.47,-22.0,-66.21,4.684,0.622,-6.07,5.062,-4.82,0.357,-4.969,6.891,-1.08,-0.85,-1.6,3.44,1.22,1.14,-0.37,-0.2
23.311,-1.35,3.36,-22.11,-64.99,1.35,3.46,-21.98,-66.23,4.652,0.552,-6.115,5.123,-4.82,0.458,-4.877,6.877,3.19,2.03,0.15,2.17,-2.28,-2.29,1.5,0.18
23.362,-1.35,3.36,-22.11,-64.99,1.35,3.46,-21.98,-66.28,4.637,0.574,-5.964,5.175,-4.688,0.26,-4.87,6.848,1.03,1.33,-0.2,0.46,-2.99,-1.45,3.55,-3.39
23.412,-1.35,3.36,-22.11,-64.99,1.37,3.46,-22.0,-66.26,4.91,0.413,-6.107,5.208,-4.848,0.416,-4.805,6.961,0.11,0.35,1.37,-1.48,3.47,-4.29,-0.23,-0.27
23.463,-1.35,3.35,-22.11,-64.99,1.36,3.47,-22.0,-66.26,4.613,0.668,-5.876,5.269,-4.766,0.324,-4.781,6.938,-0.06,-3.05,0.18,0.69,2.3,0.94,-0.31,-0.59
23.513,-1.35,3.35,-22.11,-64.99,1.36,3.47,-22.0,-66.26,4.711,0.423,-5.781,5.17,-4.535,0.374,-5.019,6.905,1.04,-2.1,1.54,0.02,-0.28,1.37,-2.37,3.94
23.564,-1.35,3.35,-22.11,-64.99,1.35,3.47,-22.0,-66.26,4.457,0.83,-5.666,5.156,-4.785,0.425,-4.901,6.923,2.55,-1.09,2.13,-4.78,-1.86,1.04,-1.88,-1.27
23.614,-1.35,3.34,-22.11,-64.99,1.35,3.46,-22.0,-66.26,4.469,0.592,-6.008,5.236,-4.691,0.427,-4.859,6.919,2.73,-8.09,-0.04,-0.21,-4.2,-0.72,-0.33,0.28
23.665,-1.35,3.35,-22.11,-64.99,1.36,3.46,-22.0,-66.26,4.66,0.572,-5.902,5.184,-4.812,0.471,-4.826,6.858,0.94,1.05,0.41,-1.2,-0.64,-2.53,-0.31,-2.09
23.715,-1.35,3.35,-22.12,-64.98,1.36,3.46,-21.98,-66.28,4.824,0.436,-6.043,5.33,-4.66,0.474,-4.928,6.891,-0.4,1.74,-2.78,1.84,-0.84,0.43,0.65,2.01
23.766,-1.35,3.34,-22.11,-64.99,1.36,3.45,-22.0,-66.26,4.695,0.45,-5.945,5.17,-4.902,0.363,-4.711,6.914,-0.52,-4.53,1.48,0.94,0.9,-5.41,-1.63,0.19
23.816,-1.35,3.36,-22.11,-64.99,1.35,3.46,-21.98,-66.28,4.93,0.725,-5.814,5.231,-4.809,0.292,-4.713,6.923,-0.33,4.49,-0.95,3.33,-2.22,-0.99,0.75,-3.09
23.867,-1.36,3.35,-22.11,-64.99,1.36,3.46,-21.98,-66.28,4.676,0.421,-5.973,5.212,-4.922,0.442,-4.943,6.928,-2.25,2.0,-0.91,2.33,-0.01,0.82,0.13,0.64
23.917,-1.34,3.35,-22.11,-64.99,1.36,3.46,-21.98,-66.28,4.391,0.675,-6.294,5.138,-4.527,0.381,-5.208,6.839,4.7,1.68,0.52,0.9,2.78,-2.67,1.23,1.79
23.968,-1.36,3.33,-22.12,-64.98,1.35,3.46,-22.0,-66.26,4.488,0.667,-5.736,5.227,-4.461,0.391,-4.839,7.003,-4.2,-2.05,-3.85,-0.07,-1.44,2.33,-2.61,1.46
24.018,-1.35,3.33,-22.11,-64.99,1.36,3.45,-21.98,-66.34,4.613,0.528,-5.998,5.217,-4.844,0.475,-4.955,7.162,-1.26,-0.36,-1.36,1.17,2.63,3.25,0.55,0.24
24.069,-1.35,3.32,-22.11,-65.04,1.35,3.44,-22.0,-66.37,4.863,0.579,-5.974,5.17,-4.742,0.43,-4.973,7.12,1.0,-1.42,1.16,0.75,-1.75,0.85,-1.02,-0.4
24.12,-1.36,3.32,-22.1,-65.05,1.36,3.45,-21.98,-66.44,4.855,0.614,-5.973,5.259,-4.574,0.401,-4.541,7.078,-2.48,-1.94,1.87,-4.4,0.33,2.0,0.6,-4.85
24.17,-1.35,3.33,-22.1,-65.05,1.36,3.45,-21.98,-66.44,4.66,0.638,-5.653,5.409,-4.484,0.501,-4.562,7.28,2.42,2.72,0.92,-2.96,1.9,2.7,0.38,-2.25
24.221,-1.35,3.31,-22.11,-65.09,1.36,3.44,-21.98,-66.49,4.867,0.663,-5.793,5.381,-4.793,0.542,-4.877,7.228,0.75,-4.38,-0.57,-0.54,1.2,-1.33,1.87,-0.92
24.272,-1.35,3.33,-22.1,-65.11,1.36,3.44,-22.0,-66.47,4.852,0.65,-5.948,5.348,-4.695,0.418,-4.646,7.172,-0.55,2.34,1.94,-1.82,-0.58,-2.73,-1.52,0.75
24.322,-1.35,3.33,-22.11,-65.09,1.36,3.44,-21.98,-66.49,4.637,0.572,-5.6,5.362,-4.906,0.483,-4.526,7.298,-1.2,3.49,-1.37,1.86,0.61,-0.38,0.22,-1.63
24.373,-1.36,3.32,-22.11,-65.09,1.36,3.44,-21.98,-66.49,4.883,0.604,-6.209,5.217,-4.977,0.262,-4.873,7.116,-2.12,0.37,-2.28,2.57,-1.24,-0.77,0.16,3.69
24.423,-1.35,3.32,-22.11,-65.09,1.36,3.45,-21.98,-66.49,4.805,0.485,-5.661,5.325,-4.691,0.521,-4.738,7.162,-0.6,0.61,-0.98,0.38,3.49,2.15,-0.15,-0.88
24.474,-1.35,3.31,-22.11,-65.09,1.35,3.44,-22.0,-66.47,4.734,0.644,-5.883,5.25,-4.844,0.388,-4.583,7.223,-1.66,-2.99,-2.19,1.95,-3.99,0.77,-2.8,6.74
24.524,-1.35,3.32,-22.1,-65.11,1.36,3.44,-22.0,-66.47,4.809,0.482,-5.982,5.203,-4.734,0.452,-4.632,7.233,-0.65,-1.7,2.77,-1.8,1.51,0.78,-3.35,2.05
24.575,-1.35,3.32,-22.1,-65.11,1.36,3.44,-22.0,-66.47,4.684,0.521,-5.945,5.217,-4.633,0.294,-4.607,7.294,-1.6,-3.12,0.21,0.64,1.32,-2.3,-4.3,6.11
24.625,-1.35,3.32,-22.1,-65.11,1.35,3.44,-21.98,-66.49,4.566,0.627,-5.759,5.269,-4.391,0.363,-4.854,7.322,-0.12,-1.2,0.18,2.83,-1.33,0.91,-1.28,0.13
24.676,-1.35,3.33,-22.1,-65.11,1.35,3.45,-22.0,-66.47,4.664,0.602,-5.753,5.362,-4.66,0.335,-4.486,7.28,1.53,3.77,0.61,-0.84,-1.54,2.06,-1.8,1.08
24.726,-1.35,3.33,-22.11,-65.09,1.35,3.44,-21.98,-66.49,4.578,0.646,-5.902,5.278,-4.816,0.415,-4.584,7.322,1.51,1.07,-1.52,0.07,-1.06,-1.28,0.49,-0.72
24.777,-1.35,3.33,-22.1,-65.11,1.35,3.45,-21.98,-66.49,4.637,0.448,-5.918,5.32,-4.797,0.282,-4.682,7.266,1.38,1.67,-0.6,0.77,-1.52,1.76,0.01,0.94
24.827,-1.35,3.32,-22.1,-65.11,1.36,3.44,-22.0,-66.47,4.73,0.622,-6.023,5.273,-4.703,0.335,-4.364,7.237,2.38,0.46,-1.01,2.63,0.75,-0.11,-1.57,0.1
24.878,-1.35,3.32,-22.1,-65.11,1.35,3.44,-21.98,-66.49,4.699,0.622,-5.693,5.287,-4.688,0.409,-4.613,7.27,0.26,-1.48,0.41,-1.79,-1.94,-0.94,0.94,-0.33
24.928,-1.36,3.32,-22.1,-65.11,1.36,3.45,-22.0,-66.47,4.785,0.661,-5.701,5.344,-4.91,0.455,-4.47,7.261,-2.57,-0.24,2.44,-2.03,2.6,3.38,-1.92,2.78
24.979,-1.35,3.33,-22.1,-65.11,1.36,3.44,-21.98,-66.49,4.648,0.564,-5.775,5.311,-4.953,0.365,-4.59,7.228,0.16,0.6,2.66,-0.42,-0.89,-2.75,1.44,-0.99
25.03,-1.35,3.34,-22.11,-65.09,1.35,3.46,-21.98,-66.49,4.641,0.646,-5.493,5.353,-4.613,0.41,-4.903,7.144,-0.23,4.9,-1.8,3.02,-2.27,2.64,0.11,0.84
25.08,-1.34,3.33,-22.11,-65.09,1.36,3.45,-21.98,-66.49,4.617,0.609,-5.737,5.372,-4.617,0.419,-4.453,7.172,3.38,1.21,-1.67,3.55,1.34,1.46,0.82,-0.36
25.131,-1.35,3.33,-22.1,-65.11,1.35,3.46,-22.0,-66.47,4.621,0.745,-5.779,5.278,-4.828,0.351,-4.693,7.172,-1.77,1.94,2.86,-3.97,-1.32,5.47,-1.66,0.91
25.181,-1.34,3.33,-22.1,-65.11,1.36,3.46,-21.98,-66.49,4.684,0.515,-5.984,5.278,-4.629,0.314,-4.501,7.27,3.87,-2.33,1.41,-0.8,3.1,1.32,1.04,0.22
25.232,-1.35,3.35,-22.1,-65.11,1.37,3.46,-22.0,-66.47,4.695,0.642,-5.693,5.217,-4.465,0.46,-4.737,7.158,-1.21,3.72,1.16,-1.42,4.5,1.63,-1.71,3.78
25.283,-1.35,3.35,-22.1,-65.11,1.36,3.47,-21.98,-66.49,4.574,0.432,-5.781,5.287,-4.758,0.37,-4.519,7.27,0.33,1.82,3.15,-3.1,1.91,1.65,1.29,-0.79
25.333,-1.35,3.35,-22.1,-65.11,1.35,3.47,-22.0,-66.42,4.719,0.562,-5.845,5.264,-5.016,0.458,-4.852,7.125,0.98,1.2,2.03,-2.03,-2.0,2.45,-1.58,2.03
25.383,-1.35,3.35,-22.1,-65.11,1.36,3.47,-21.98,-66.44,4.688,0.75,-5.729,5.269,-4.812,0.374,-4.737,7.181,-0.58,-1.58,2.4,-2.84,1.58,1.4,0.0,-0.49
25.434,-1.35,3.35,-22.11,-65.04,1.36,3.47,-22.0,-66.42,4.773,0.567,-5.798,5.334,-4.812,0.344,-4.555,7.111,1.67,0.19,-1.83,3.41,2.73,0.49,-2.22,5.72
25.484,-1.35,3.37,-22.1,-65.05,1.36,3.48,-21.98,-66.39,4.719,0.573,-6.022,5.316,-4.742,0.289,-4.804,7.003,0.6,2.28,1.06,-2.09,0.94,0.75,-0.22,1.96
25.535,-1.35,3.37,-22.11,-65.04,1.36,3.48,-21.98,-66.39,4.484,0.667,-5.686,5.283,-4.973,0.365,-4.75,7.116,2.65,2.23,-1.03,2.33,1.2,-2.43,0.71,2.9
25.585,-1.36,3.36,-22.11,-65.04,1.36,3.49,-21.98,-66.39,4.789,0.519,-5.839,5.264,-4.637,0.373,-5.021,6.961,-1.71,-2.62,-0.06,1.63,-0.12,-0.26,0.62,0.85
25.636,-1.35,3.38,-22.1,-65.05,1.36,3.5,-21.98,-66.39,4.836,0.517,-6.08,5.358,-4.547,0.321,-4.883,6.994,-0.64,2.05,1.73,-3.2,1.21,4.08,1.76,-3.66
25.686,-1.35,3.38,-22.1,-65.05,1.36,3.5,-21.98,-66.39,4.836,0.517,-6.08,5.358,-4.547,0.321,-4.883,6.994,-0.64,2.05,1.73,-3.2,1.21,4.08,1.76,-3.66
25.737,-1.35,3.37,-22.1,-65.05,1.36,3.49,-22.0,-66.37,4.805,0.38,-5.929,5.245,-4.891,0.278,-4.568,7.092,-1.04,-1.9,2.12,-1.43,1.86,-1.42,-0.88,-1.15
25.787,-1.35,3.37,-22.1,-65.05,1.36,3.49,-22.0,-66.37,4.805,0.38,-5.929,5.245,-4.891,0.278,-4.568,7.092,-1.04,-1.9,2.12,-1.43,1.86,-1.42,-0.88,-1.15
25.838,-1.35,3.38,-22.11,-65.04,1.37,3.5,-22.0,-66.37,4.617,0.528,-5.931,5.302,-4.688,0.292,-4.515,7.022,-0.1,-0.97,-2.02,6.38,4.05,-0.24,-1.57,-0.72
25.889,-1.36,3.38,-22.1,-65.05,1.36,3.49,-22.0,-66.31,4.797,0.527,-5.947,5.227,-4.5,0.348,-4.911,6.942,-2.77,1.82,1.07,0.07,-0.06,-2.44,-0.45,2.52
25.939,-1.35,3.39,-22.11,-65.04,1.35,3.5,-22.0,-66.31,4.648,0.48,-5.702,5.325,-4.871,0.233,-4.973,7.05,-0.78,2.59,0.23,1.56,-5.19,1.86,-0.83,0.11
25.99,-1.34,3.38,-22.11,-65.04,1.35,3.49,-21.98,-66.34,4.609,0.497,-5.884,5.184,-4.676,0.386,-4.884,7.069,3.16,-1.38,0.26,1.25,-0.81,-0.89,2.3,-4.67
26.04,-1.35,3.38,-22.1,-65.05,1.36,3.49,-21.98,-66.34,4.641,0.496,-5.841,5.339,-4.602,0.401,-4.646,7.031,0.16,0.78,1.55,0.26,-0.52,-1.36,1.99,-2.28
26.091,-1.35,3.38,-22.11,-65.04,1.35,3.5,-22.0,-66.31,4.547,0.512,-6.053,5.133,-4.793,0.423,-4.882,6.966,2.15,-1.3,0.44,-1.31,-3.19,-0.06,-0.9,4.12
26.142,-1.35,3.39,-22.11,-65.04,1.35,3.51,-22.0,-66.31,4.695,0.506,-5.766,5.273,-4.895,0.225,-5.128,6.872,1.01,-0.33,0.8,0.41,-5.52,2.23,-0.73,4.34
26.192,-1.36,3.38,-22.1,-65.05,1.35,3.5,-22.0,-66.26,4.625,0.592,-5.872,5.184,-4.668,0.408,-4.842,6.9,-2.56,-3.31,1.17,-1.2,-3.12,-2.13,-0.4,0.96
26.243,-1.35,3.39,-22.11,-65.04,1.36,3.5,-21.98,-66.28,4.902,0.594,-5.766,5.273,-4.766,0.211,-4.881,7.102,2.6,3.15,-1.23,4.78,-0.65,-1.31,1.56,-4.26
26.293,-1.35,3.39,-22.11,-65.04,1.37,3.51,-22.0,-66.26,4.668,0.465,-5.876,5.269,-4.559,0.221,-4.854,6.947,0.81,-0.94,0.75,-0.56,3.62,1.51,-1.37,0.53
26.344,-1.35,3.4,-22.11,-65.04,1.36,3.5,-22.0,-66.26,4.398,0.475,-5.568,5.419,-4.5,0.377,-4.93,6.923,1.74,4.14,0.74,-1.23,1.93,0.96,-1.0,0.87
26.394,-1.36,3.38,-22.11,-65.04,1.37,3.5,-22.0,-66.26,4.578,0.563,-6.062,5.241,-4.555,0.263,-5.057,6.914,-2.52,-2.6,-0.08,-1.41,4.04,0.22,-1.72,1.65
26.445,-1.35,3.38,-22.11,-65.04,1.36,3.5,-22.0,-66.26,4.602,0.551,-5.879,5.166,-4.559,0.35,-5.295,6.811,-1.3,-1.29,0.95,-2.29,-0.37,-1.91,-0.23,2.44
26.495,-1.35,3.39,-22.11,-65.04,1.35,3.51,-22.0,-66.26,4.652,0.472,-5.787,5.334,-4.852,0.337,-4.867,6.928,0.81,1.67,1.51,-0.36,-2.31,1.68,-1.12,-1.44
26.546,-1.34,3.39,-22.11,-65.04,1.35,3.51,-22.0,-66.26,4.648,0.51,-5.661,5.325,-4.613,0.253,-4.913,6.877,5.28,1.94,1.11,-0.21,-1.85,1.73,-1.72,3.19
26.596,-1.35,3.39,-22.11,-65.04,1.36,3.51,-21.98,-66.28,4.738,0.45,-5.804,5.381,-4.582,0.32,-4.866,7.017,0.92,-0.89,-0.17,1.28,1.12,3.28,2.61,-0.25
26.647,-1.36,3.4,-22.11,-65.04,1.36,3.5,-22.0,-66.26,4.773,0.471,-5.882,5.222,-4.867,0.333,-4.978,6.905,-4.12,4.58,0.91,-2.37,-0.13,-0.92,0.75,-1.06
26.697,-1.35,3.39,-22.11,-65.04,1.36,3.5,-22.0,-66.26,4.637,0.541,-5.982,5.32,-4.828,0.181,-4.884,6.928,1.9,2.01,-0.44,1.64,-0.23,-0.91,-0.68,0.73
26.748,-1.35,3.39,-22.11,-65.04,1.36,3.49,-21.98,-66.28,4.844,0.413,-5.985,5.212,-4.5,0.234,-5.089,6.881,-0.95,-1.66,1.03,0.4,0.12,-4.47,1.36,-2.52
26.798,-1.35,3.39,-22.11,-65.04,1.35,3.5,-22.0,-66.26,4.688,0.363,-5.64,5.405,-4.699,0.221,-4.643,6.9,0.31,-0.66,-0.28,0.21,-2.27,0.93,0.84,-0.42
26.849,-1.35,3.39,-22.11,-65.04,1.36,3.5,-22.0,-66.26,4.789,0.457,-5.886,5.264,-4.82,0.359,-5.004,6.867,0.56,1.9,-0.22,-3.07,-0.35,-1.83,0.65,-2.22
26.899,-1.35,3.39,-22.11,-65.04,1.36,3.5,-22.0,-66.26,4.453,0.434,-5.78,5.377,-4.629,0.331,-5.046,6.942,-1.24,-1.37,0.91,-1.0,3.23,-0.97,-1.0,2.48
26.95,-1.36,3.39,-22.11,-65.04,1.36,3.5,-22.0,-66.26,4.812,0.596,-5.866,5.255,-4.816,0.433,-4.604,6.98,-1.88,0.87,0.06,-0.99,-0.78,-2.03,-0.94,0.14
27.0,-1.36,3.38,-22.11,-65.04,1.36,3.51,-22.0,-66.26,4.559,0.342,-5.919,5.255,-4.887,0.302,-4.774,6.933,-3.04,-2.39,0.86,-2.75,0.88,2.27,-1.18,2.59
27.051,-1.35,3.39,-22.11,-65.04,1.36,3.51,-22.0,-66.26,5.0,0.439,-5.817,5.292,-4.961,0.367,-5.023,6.848,1.01,-0.73,0.78,0.36,-0.51,2.08,-0.2,0.59
27.101,-1.35,3.39,-22.11,-65.04,1.36,3.5,-22.0,-66.26,4.809,0.562,-5.805,5.222,-4.812,0.235,-4.827,6.956,0.5,2.03,-2.72,-0.61,2.29,-2.56,-1.91,1.4
27.152,-1.35,3.39,-22.11,-65.04,1.37,3.5,-22.0,-66.26,4.727,0.62,-5.68,5.377,-4.68,0.269,-4.973,6.909,1.08,-0.06,-1.98,4.07,3.28,-1.1,-0.38,1.02
27.202,-1.35,3.39,-22.1,-65.05,1.35,3.51,-22.0,-66.26,4.609,0.473,-5.963,5.17,-4.629,0.281,-4.815,7.05,0.64,-1.22,1.89,-2.03,-2.4,1.98,-0.22,1.11
27.253,-1.36,3.39,-22.1,-65.05,1.35,3.5,-21.98,-66.28,4.758,0.55,-5.911,5.152,-4.613,0.416,-4.866,6.97,-1.6,0.97,2.15,-3.14,-1.62,0.91,1.9,-0.87
27.303,-1.36,3.38,-22.11,-65.04,1.36,3.5,-22.0,-66.26,4.629,0.472,-5.757,5.428,-4.598,0.205,-4.864,6.848,-2.61,-2.06,-0.39,0.11,2.94,-0.29,-1.57,3.37
27.353,-1.35,3.39,-22.11,-65.04,1.36,3.5,-21.98,-66.28,4.75,0.488,-5.938,5.33,-4.719,0.27,-5.122,6.872,-1.03,-0.38,-1.36,0.25,-0.37,-2.03,1.77,-0.46
27.404,-1.36,3.38,-22.11,-65.04,1.36,3.5,-22.0,-66.26,4.82,0.536,-5.784,5.325,-4.781,0.276,-5.089,6.858,-1.96,-1.85,-0.35,0.8,1.79,0.87,-2.87,0.71
27.454,-1.36,3.39,-22.1,-65.05,1.36,3.5,-22.0,-66.26,4.52,0.53,-5.863,5.381,-4.805,0.38,-4.935,6.942,-2.92,0.08,1.98,-3.23,0.83,-1.76,-0.64,1.62
27.505,-1.35,3.39,-22.11,-65.04,1.36,3.5,-21.98,-66.28,4.707,0.468,-5.866,5.302,-4.738,0.287,-4.954,6.877,1.8,-1.83,-2.99,0.99,0.31,-1.81,4.06,-4.12
27.555,-1.35,3.39,-22.11,-65.04,1.36,3.5,-21.98,-66.28,4.754,0.377,-5.64,5.287,-5.129,0.22,-4.834,6.914,2.73,-0.85,1.29,-3.48,1.75,-1.0,1.93,-0.53
27.606,-1.36,3.38,-22.11,-65.04,1.35,3.5,-21.98,-66.28,4.617,0.603,-5.695,5.203,-4.539,0.426,-4.688,6.891,-2.44,-3.44,0.29,-0.97,-2.16,-0.65,2.59,-2.39
27.657,-1.35,3.38,-22.11,-65.04,1.35,3.5,-21.98,-66.28,4.598,0.469,-5.991,5.236,-4.84,0.363,-5.021,6.82,0.54,-3.01,-1.02,0.49,-2.37,-0.8,1.72,-2.77
27.708,-1.35,3.39,-22.1,-65.05,1.35,3.51,-21.98,-66.28,4.754,0.473,-6.052,5.198,-4.645,0.365,-5.241,6.877,-0.47,-0.63,2.03,-0.71,-1.98,3.96,2.34,-2.06
27.759,-1.35,3.39,-22.11,-65.04,1.35,3.51,-22.0,-66.26,4.512,0.595,-5.74,5.287,-4.531,0.398,-4.854,6.994,0.11,-0.54,-0.25,1.81,-2.24,3.91,-0.88,-0.72
27.809,-1.36,3.38,-22.11,-65.04,1.36,3.5,-22.0,-66.26,5.047,0.444,-5.726,5.302,-4.656,0.224,-4.802,6.811,-1.95,-2.51,-2.04,2.49,0.89,0.98,0.2,-0.17
27.861,-1.36,3.38,-22.11,-65.04,1.36,3.5,-22.0,-66.26,5.047,0.444,-5.726,5.302,-4.656,0.224,-4.802,6.811,-1.95,-2.51,-2.04,2.49,0.89,0.98,0.2,-0.17
27.911,-1.35,3.39,-22.11,-65.04,1.35,3.5,-22.0,-66.26,4.781,0.349,-5.631,5.32,-4.535,0.359,-4.723,6.82,-1.04,0.14,-2.05,1.08,-1.71,-1.89,1.01,1.23
27.962,-1.35,3.39,-22.11,-65.04,1.36,3.5,-22.0,-66.26,4.852,0.317,-5.91,5.264,-4.645,0.382,-4.738,6.905,-0.17,0.18,0.48,1.41,-0.11,0.61,0.84,-1.54
28.012,-1.35,3.39,-22.11,-65.04,1.36,3.51,-22.0,-66.26,4.789,0.472,-5.599,5.264,-4.641,0.482,-4.864,6.872,0.48,2.45,0.74,-2.83,-1.58,3.22,-0.18,-1.46
28.063,-1.36,3.39,-22.11,-65.04,1.36,3.5,-21.98,-66.28,4.691,0.426,-6.087,5.198,-4.703,0.355,-4.729,7.008,-2.96,-0.54,0.73,-1.48,1.66,1.17,1.62,-0.93
28.113,-1.35,3.39,-22.11,-65.04,1.36,3.51,-22.0,-66.26,4.648,0.553,-5.97,5.316,-4.957,0.249,-4.689,6.802,0.54,1.72,0.86,3.97,0.68,2.67,0.35,-0.18
28.164,-1.35,3.39,-22.11,-65.04,1.37,3.5,-21.98,-66.28,4.734,0.611,-6.004,5.264,-4.789,0.378,-4.859,6.895,-1.2,1.26,-1.13,4.61,4.33,-1.78,1.76,-4.64
28.214,-1.35,3.39,-22.11,-65.04,1.36,3.5,-22.0,-66.26,4.559,0.578,-5.784,5.255,-5.0,0.391,-4.774,6.956,-1.22,1.02,1.03,-0.76,0.56,1.25,0.13,-0.77
28.265,-1.35,3.38,-22.11,-65.04,1.36,3.5,-21.98,-66.28,4.668,0.449,-5.963,5.241,-4.574,0.5,-5.189,6.811,0.77,-3.48,0.92,-1.47,1.45,1.53,3.57,-6.73
28.315,-1.35,3.38,-22.1,-65.05,1.35,3.5,-22.0,-66.26,4.727,0.678,-6.029,5.227,-4.719,0.262,-5.093,6.848,1.98,-4.89,1.97,-0.78,-1.93,-1.17,0.4,-0.9
28.366,-1.35,3.39,-22.1,-65.05,1.36,3.5,-22.0,-66.26,4.805,0.466,-5.809,5.4,-4.484,0.315,-4.918,6.9,-0.2,2.21,1.45,-0.77,-1.05,-0.56,-2.1,1.44
28.416,-1.35,3.39,-22.11,-65.04,1.36,3.5,-22.0,-66.26,4.805,0.439,-5.965,5.227,-4.996,0.445,-5.149,6.862,0.77,2.61,-2.89,3.02,0.23,1.07,0.04,-2.71
28.467,-1.35,3.38,-22.11,-65.04,1.36,3.5,-21.98,-66.28,4.758,0.388,-5.91,5.334,-5.023,0.317,-4.746,6.914,-0.36,-1.57,0.8,-2.09,-0.02,0.87,2.65,-3.35
28.517,-1.34,3.39,-22.11,-65.04,1.36,3.5,-22.0,-66.26,4.438,0.433,-5.668,5.353,-4.855,0.401,-4.918,6.923,3.26,2.38,-2.04,2.58,-0.16,-0.58,1.19,-2.86
28.568,-1.36,3.4,-22.11,-65.04,1.36,3.5,-22.0,-66.26,4.809,0.392,-5.832,5.306,-4.738,0.27,-4.788,6.989,-4.37,3.96,0.94,-0.66,2.59,0.33,1.47,-1.99
28.618,-1.36,3.4,-22.11,-65.04,1.36,3.5,-22.0,-66.26,4.809,0.392,-5.832,5.306,-4.738,0.27,-4.788,6.989,-4.37,3.96,0.94,-0.66,2.59,0.33,1.47,-1.99
28.669,-1.35,3.39,-22.11,-65.04,1.36,3.5,-22.0,-66.26,4.402,0.46,-5.82,5.278,-4.73,0.346,-4.964,6.895,-1.29,0.1,-1.18,3.36,-0.62,1.12,-1.29,-0.5
28.719,-1.35,3.38,-22.11,-65.04,1.35,3.5,-21.98,-66.28,4.77,0.46,-5.749,5.208,-4.914,0.298,-4.853,6.942,-0.74,-3.42,-0.21,0.22,-2.46,1.0,1.83,-3.53
28.77,-1.34,3.39,-22.1,-65.05,1.36,3.5,-22.0,-66.26,4.754,0.554,-5.787,5.264,-5.039,0.204,-5.098,6.914,5.34,0.41,2.18,-1.72,1.99,-2.17,0.71,-2.68
28.821,-1.35,3.38,-22.11,-65.04,1.36,3.5,-22.0,-66.26,4.656,0.461,-5.865,5.297,-4.582,0.214,-5.089,6.787,0.83,-2.15,0.49,0.99,1.81,0.5,0.45,-0.94
28.871,-1.36,3.38,-22.1,-65.05,1.36,3.5,-22.0,-66.26,4.703,0.576,-5.609,5.255,-4.641,0.109,-4.832,6.881,-2.01,-3.29,3.7,-0.66,-0.19,-1.2,-0.12,0.73
28.922,-1.35,3.39,-22.11,-65.04,1.35,3.51,-22.0,-66.26,4.703,0.414,-5.606,5.362,-5.012,0.278,-5.156,6.891,-0.87,1.76,-0.67,0.7,-3.16,1.72,-1.32,2.74
28.972,-1.35,3.39,-22.11,-65.04,1.35,3.5,-22.0,-66.26,4.656,0.53,-6.158,5.109,-4.648,0.338,-4.814,6.881,-0.63,-0.48,0.85,-1.18,-2.12,-1.93,-0.88,-1.94
29.023,-1.35,3.39,-22.11,-65.04,1.35,3.51,-21.98,-66.28,4.656,0.427,-5.691,5.231,-4.82,0.323,-4.861,6.928,-0.95,1.98,1.13,-3.51,-1.59,2.64,1.77,-1.59
29.074,-1.35,3.39,-22.1,-65.05,1.36,3.51,-22.0,-66.26,4.633,0.537,-5.978,5.231,-5.004,0.385,-5.123,6.853,0.5,1.27,1.64,-2.0,0.86,2.97,-0.93,0.07
29.125,-1.35,3.39,-22.11,-65.04,1.35,3.51,-22.0,-66.26,4.758,0.546,-5.827,5.353,-4.648,0.235,-4.596,6.947,-0.45,1.23,-0.08,-3.79,-1.43,2.0,-1.84,4.0
29.175,-1.34,3.39,-22.11,-65.04,1.36,3.5,-22.0,-66.26,4.535,0.564,-5.988,5.227,-4.797,0.33,-4.864,6.872,3.21,-0.84,-1.04,-2.57,0.9,-2.05,-1.22,1.07
29.226,-1.35,3.39,-22.11,-65.04,1.36,3.5,-22.0,-66.26,4.77,0.429,-6.007,5.302,-4.48,0.409,-4.796,6.928,0.82,2.13,-1.18,0.98,-0.26,-1.8,0.56,-3.89
29.276,-1.35,3.39,-22.11,-65.04,1.35,3.51,-22.0,-66.26,4.645,0.565,-5.759,5.409,-4.785,0.33,-5.062,6.82,1.1,-0.51,-2.17,-0.15,-3.81,2.38,-0.84,0.95
29.327,-1.35,3.39,-22.11,-65.04,1.35,3.5,-21.98,-66.28,4.652,0.646,-5.899,5.245,-4.938,0.301,-5.059,6.783,-1.55,1.41,-2.88,5.59,-4.14,1.11,2.24,-3.38
29.377,-1.35,3.39,-22.11,-65.04,1.37,3.5,-22.0,-66.26,4.59,0.582,-5.855,5.208,-4.562,0.357,-4.869,6.867,2.01,-0.78,-2.13,1.25,4.15,0.88,-0.25,1.83
29.428,-1.35,3.39,-22.11,-65.04,1.36,3.5,-22.0,-66.26,4.852,0.457,-5.963,5.381,-4.734,0.392,-4.826,6.952,2.37,-1.23,-0.9,1.66,-1.35,-0.09,1.17,0.97
29.478,-1.36,3.39,-22.11,-65.04,1.36,3.5,-22.0,-66.26,4.609,0.388,-5.999,5.222,-4.906,0.418,-4.877,6.9,-3.12,-0.13,-0.68,-0.02,-0.83,-0.86,1.09,-1.16
29.529,-1.35,3.4,-22.11,-65.04,1.36,3.5,-22.0,-66.26,4.637,0.453,-5.823,5.292,-4.664,0.233,-4.847,6.989,-1.08,3.91,0.8,0.09,1.55,-0.58,1.19,-0.5
29.579,-1.35,3.39,-22.11,-65.04,1.36,3.51,-22.0,-66.26,4.703,0.508,-6.019,5.255,-4.809,0.293,-4.938,6.933,0.9,1.55,-0.17,-0.48,-0.03,1.89,-1.21,2.58
29.63,-1.35,3.39,-22.11,-65.04,1.36,3.51,-22.0,-66.26,4.703,0.508,-6.019,5.255,-4.809,0.293,-4.938,6.933,0.9,1.55,-0.17,-0.48,-0.03,1.89,-1.21,2.58
29.68,-1.35,3.39,-22.11,-65.04,1.36,3.5,-22.0,-66.26,4.586,0.527,-5.965,5.18,-4.57,0.337,-4.666,6.97,1.87,-0.66,0.29,1.41,1.52,0.44,-0.87,0.58
29.731,-1.36,3.38,-22.1,-65.05,1.36,3.5,-22.0,-66.26,4.742,0.574,-5.737,5.325,-4.535,0.259,-4.712,6.848,-2.06,-3.45,1.98,-3.28,2.88,1.27,-0.18,-0.94
29.781,-1.34,3.38,-22.11,-65.04,1.35,3.5,-22.0,-66.26,4.691,0.538,-5.85,5.306,-4.453,0.298,-5.009,6.792,3.07,-2.14,-1.36,-0.62,-3.3,-0.71,-0.2,-1.39
29.832,-1.35,3.39,-22.11,-65.04,1.35,3.51,-22.0,-66.26,4.602,0.588,-5.695,5.32,-4.59,0.266,-5.009,6.792,-0.89,1.29,-2.98,6.09,-2.46,1.86,-0.14,0.24
29.882,-1.34,3.38,-22.11,-65.04,1.35,3.5,-22.0,-66.26,4.73,0.462,-5.848,5.203,-4.91,0.224,-5.283,6.834,3.19,-6.47,-2.36,3.74,-3.5,-2.47,-1.28,2.7
29.933,-1.35,3.38,-22.11,-65.04,1.36,3.5,-22.0,-66.26,4.926,0.5,-5.835,5.339,-4.883,0.263,-5.122,6.848,0.56,-2.22,1.12,-1.46,1.58,0.55,-1.47,1.66
29.983,-1.35,3.4,-22.11,-65.04,1.36,3.5,-22.0,-66.26,4.715,0.439,-5.786,5.259,-4.695,0.371,-5.217,6.83,-0.91,5.25,-1.11,2.76,-0.95,0.96,-1.03,1.19
